njesi,qv,total,Lëvizja Bashkë (votes),Fronti i Majtë (votes),"Partia Drejtësi, Integrim dhe Unitet (votes)",Partia Socialiste e Shqipërisë (votes),Bashkë Fitojmë (votes),Partia Demokratike (votes),Lëvizja Bashkë (%),Fronti i Majtë (%),"Partia Drejtësi, Integrim dhe Unitet (%)",Partia Socialiste e Shqipërisë (%),Bashkë Fitojmë (%),Partia Demokratike (%)
Baldushk,2064/00,264,9,12,1,178,55,9,3.41,4.55,0.38,67.42,20.83,3.41
Baldushk,2066/00,148,3,4,0,108,29,4,2.03,2.7,0.0,72.97,19.59,2.7
Baldushk,2069/00,532,4,3,2,358,156,9,0.75,0.56,0.38,67.29,29.32,1.69
Baldushk,2071/00,389,5,14,1,284,76,9,1.29,3.6,0.26,73.01,19.54,2.31
Baldushk,2073/00,359,2,11,4,242,89,11,0.56,3.06,1.11,67.41,24.79,3.06
Baldushk,2074/00,244,5,5,3,153,76,2,2.05,2.05,1.23,62.7,31.15,0.82
Baldushk,2076/00,258,11,6,1,157,76,7,4.26,2.33,0.39,60.85,29.46,2.71
Kashar,1529/00,377,23,0,3,222,114,15,6.1,0.0,0.8,58.89,30.24,3.98
Kashar,1529/01,407,24,4,1,219,142,17,5.9,0.98,0.25,53.81,34.89,4.18
Kashar,1529/02,422,14,10,3,273,108,14,3.32,2.37,0.71,64.69,25.59,3.32
Kashar,1530/00,259,11,2,1,153,87,5,4.25,0.77,0.39,59.07,33.59,1.93
Kashar,1530/01,279,14,4,1,164,87,9,5.02,1.43,0.36,58.78,31.18,3.23
Kashar,1531/00,312,6,0,1,185,110,10,1.92,0.0,0.32,59.29,35.26,3.21
Kashar,1531/01,292,7,4,0,116,157,8,2.4,1.37,0.0,39.73,53.77,2.74
Kashar,1532/00,351,2,5,0,183,147,14,0.57,1.42,0.0,52.14,41.88,3.99
Kashar,1532/01,328,4,4,0,149,164,7,1.22,1.22,0.0,45.43,50.0,2.13
Kashar,1533/00,364,7,9,1,175,164,8,1.92,2.47,0.27,48.08,45.05,2.2
Kashar,1533/01,247,4,4,1,110,117,11,1.62,1.62,0.4,44.53,47.37,4.45
Kashar,1534/00,313,14,6,1,165,115,12,4.47,1.92,0.32,52.72,36.74,3.83
Kashar,1535/00,227,11,5,1,120,81,9,4.85,2.2,0.44,52.86,35.68,3.96
Kashar,1536/00,384,18,5,2,215,129,15,4.69,1.3,0.52,55.99,33.59,3.91
Kashar,1536/01,413,15,5,3,242,120,28,3.63,1.21,0.73,58.6,29.06,6.78
Kashar,1536/02,423,24,2,3,276,111,7,5.67,0.47,0.71,65.25,26.24,1.65
Kashar,1536/03,401,15,10,3,250,109,14,3.74,2.49,0.75,62.34,27.18,3.49
Kashar,1537/00,437,25,2,1,221,176,12,5.72,0.46,0.23,50.57,40.27,2.75
Kashar,1537/01,434,14,3,6,262,134,15,3.23,0.69,1.38,60.37,30.88,3.46
Kashar,1537/02,423,27,5,0,205,163,23,6.38,1.18,0.0,48.46,38.53,5.44
Kashar,1537/03,424,25,3,3,232,144,17,5.9,0.71,0.71,54.72,33.96,4.01
Kashar,1537/04,489,18,0,2,303,151,15,3.68,0.0,0.41,61.96,30.88,3.07
Kashar,1537/05,431,33,6,1,233,142,16,7.66,1.39,0.23,54.06,32.95,3.71
Kashar,1537/06,441,26,5,2,255,140,13,5.9,1.13,0.45,57.82,31.75,2.95
Kashar,1537/07,412,31,2,5,219,134,21,7.52,0.49,1.21,53.16,32.52,5.1
Kashar,1537/08,411,16,2,3,193,169,28,3.89,0.49,0.73,46.96,41.12,6.81
Kashar,1537/09,452,24,2,4,253,151,18,5.31,0.44,0.88,55.97,33.41,3.98
Kashar,1537/10,461,17,2,3,250,172,17,3.69,0.43,0.65,54.23,37.31,3.69
Kashar,1537/11,478,18,3,3,272,165,17,3.77,0.63,0.63,56.9,34.52,3.56
Kashar,1537/12,417,29,1,2,211,161,13,6.95,0.24,0.48,50.6,38.61,3.12
Kashar,1537/13,437,26,6,3,211,167,24,5.95,1.37,0.69,48.28,38.22,5.49
Kashar,1537/14,457,32,4,0,249,149,23,7.0,0.88,0.0,54.49,32.6,5.03
Kashar,1537/15,446,23,4,3,242,158,16,5.16,0.9,0.67,54.26,35.43,3.59
Kashar,1537/16,434,21,1,6,243,142,21,4.84,0.23,1.38,55.99,32.72,4.84
Kashar,1537/17,416,17,3,2,225,161,8,4.09,0.72,0.48,54.09,38.7,1.92
Kashar,1537/18,421,17,3,1,236,142,22,4.04,0.71,0.24,56.06,33.73,5.23
Kashar,1537/19,418,20,6,0,217,155,20,4.78,1.44,0.0,51.91,37.08,4.78
Kashar,1537/20,412,26,4,1,256,114,11,6.31,0.97,0.24,62.14,27.67,2.67
Kashar,1538/00,376,33,3,1,196,132,11,8.78,0.8,0.27,52.13,35.11,2.93
Kashar,1538/01,315,25,1,2,157,119,11,7.94,0.32,0.63,49.84,37.78,3.49
Kashar,1538/02,389,15,2,1,233,124,14,3.86,0.51,0.26,59.9,31.88,3.6
Kashar,1539/00,310,19,6,1,163,114,7,6.13,1.94,0.32,52.58,36.77,2.26
Kashar,1539/01,357,10,3,3,220,107,14,2.8,0.84,0.84,61.62,29.97,3.92
Kashar,1539/02,373,15,13,1,193,139,12,4.02,3.49,0.27,51.74,37.27,3.22
Kashar,1539/03,317,7,6,0,142,145,17,2.21,1.89,0.0,44.79,45.74,5.36
Kashar,1540/00,249,5,3,0,126,106,9,2.01,1.2,0.0,50.6,42.57,3.61
Kashar,1540/01,280,10,4,0,127,124,15,3.57,1.43,0.0,45.36,44.29,5.36
Kashar,1540/02,269,18,0,2,105,134,10,6.69,0.0,0.74,39.03,49.81,3.72
Kashar,1540/03,225,11,1,1,84,110,18,4.89,0.44,0.44,37.33,48.89,8.0
Kashar,1541/00,233,11,1,0,105,101,15,4.72,0.43,0.0,45.06,43.35,6.44
Kashar,1541/01,298,20,1,1,102,157,17,6.71,0.34,0.34,34.23,52.68,5.7
Kashar,1541/02,282,11,5,3,125,124,14,3.9,1.77,1.06,44.33,43.97,4.96
Kashar,1542/00,304,9,6,2,159,111,17,2.96,1.97,0.66,52.3,36.51,5.59
Kashar,1542/01,319,15,6,0,137,147,14,4.7,1.88,0.0,42.95,46.08,4.39
Kashar,1543/00,287,7,3,3,153,114,7,2.44,1.05,1.05,53.31,39.72,2.44
Kashar,1543/01,294,7,6,1,172,100,8,2.38,2.04,0.34,58.5,34.01,2.72
Kashar,1544/00,300,10,6,1,180,95,8,3.33,2.0,0.33,60.0,31.67,2.67
Ndroq,2085/00,217,8,4,0,121,75,9,3.69,1.84,0.0,55.76,34.56,4.15
Ndroq,2085/01,215,11,5,0,121,66,12,5.12,2.33,0.0,56.28,30.7,5.58
Ndroq,2086/00,207,4,3,0,139,57,4,1.93,1.45,0.0,67.15,27.54,1.93
Ndroq,2088/00,358,7,4,1,199,101,46,1.96,1.12,0.28,55.59,28.21,12.85
Ndroq,2089/00,313,3,2,2,183,103,20,0.96,0.64,0.64,58.47,32.91,6.39
Ndroq,2090/00,425,10,5,0,244,154,12,2.35,1.18,0.0,57.41,36.24,2.82
Ndroq,2091/00,228,10,6,3,116,78,15,4.39,2.63,1.32,50.88,34.21,6.58
Ndroq,2092/00,314,4,7,3,196,94,10,1.27,2.23,0.96,62.42,29.94,3.18
Ndroq,2093/00,209,15,8,0,118,57,11,7.18,3.83,0.0,56.46,27.27,5.26
Ndroq,2094/00,138,2,5,0,87,38,6,1.45,3.62,0.0,63.04,27.54,4.35
Ndroq,2096/00,193,1,3,0,107,75,7,0.52,1.55,0.0,55.44,38.86,3.63
Ndroq,2097/00,119,2,2,0,67,41,7,1.68,1.68,0.0,56.3,34.45,5.88
Petrelë,1633/00,456,18,0,3,264,160,11,3.95,0.0,0.66,57.89,35.09,2.41
Petrelë,1634/00,257,8,3,0,186,48,12,3.11,1.17,0.0,72.37,18.68,4.67
Petrelë,1636/00,254,8,3,2,183,47,11,3.15,1.18,0.79,72.05,18.5,4.33
Petrelë,1637/00,227,4,3,1,185,32,2,1.76,1.32,0.44,81.5,14.1,0.88
Petrelë,1639/00,229,1,8,0,146,66,8,0.44,3.49,0.0,63.76,28.82,3.49
Petrelë,1642/00,259,7,9,1,196,41,5,2.7,3.47,0.39,75.68,15.83,1.93
Petrelë,1645/00,323,7,4,3,213,80,16,2.17,1.24,0.93,65.94,24.77,4.95
Petrelë,1645/01,312,6,7,1,208,82,8,1.92,2.24,0.32,66.67,26.28,2.56
Petrelë,1648/00,308,8,4,2,207,77,10,2.6,1.3,0.65,67.21,25.0,3.25
Petrelë,1649/00,173,3,9,0,102,52,7,1.73,5.2,0.0,58.96,30.06,4.05
Petrelë,1650/00,346,7,13,1,239,79,7,2.02,3.76,0.29,69.08,22.83,2.02
Pezë,2099/00,555,11,14,3,433,83,11,1.98,2.52,0.54,78.02,14.95,1.98
Pezë,2102/00,520,11,10,0,311,151,37,2.12,1.92,0.0,59.81,29.04,7.12
Pezë,2102/01,494,10,23,0,285,125,51,2.02,4.66,0.0,57.69,25.3,10.32
Pezë,2103/00,378,7,8,1,215,131,16,1.85,2.12,0.26,56.88,34.66,4.23
Pezë,2104/00,175,4,3,0,111,52,5,2.29,1.71,0.0,63.43,29.71,2.86
Pezë,2105/00,235,4,1,0,196,31,3,1.7,0.43,0.0,83.4,13.19,1.28
Pezë,2108/00,285,2,6,0,221,49,7,0.7,2.11,0.0,77.54,17.19,2.46
Vaqarr,2110/00,496,10,11,0,326,138,11,2.02,2.22,0.0,65.73,27.82,2.22
Vaqarr,2111/00,353,12,6,0,190,132,13,3.4,1.7,0.0,53.82,37.39,3.68
Vaqarr,2112/00,221,9,4,0,115,85,8,4.07,1.81,0.0,52.04,38.46,3.62
Vaqarr,2114/00,261,11,5,1,176,62,6,4.21,1.92,0.38,67.43,23.75,2.3
Vaqarr,2114/01,287,10,8,1,172,84,12,3.48,2.79,0.35,59.93,29.27,4.18
Vaqarr,2115/00,357,9,5,0,250,76,17,2.52,1.4,0.0,70.03,21.29,4.76
Vaqarr,2115/01,272,8,4,0,177,77,6,2.94,1.47,0.0,65.07,28.31,2.21
Vaqarr,2116/00,278,6,8,1,166,91,6,2.16,2.88,0.36,59.71,32.73,2.16
Vaqarr,2116/01,281,15,3,0,160,93,10,5.34,1.07,0.0,56.94,33.1,3.56
Vaqarr,2117/00,251,1,4,0,167,69,10,0.4,1.59,0.0,66.53,27.49,3.98
Vaqarr,2118/00,171,8,1,0,114,42,6,4.68,0.58,0.0,66.67,24.56,3.51
Vaqarr,2119/00,460,13,7,7,307,103,23,2.83,1.52,1.52,66.74,22.39,5.0
Vaqarr,2120/00,187,7,1,2,82,90,5,3.74,0.53,1.07,43.85,48.13,2.67
Vaqarr,2121/00,228,1,3,1,145,69,9,0.44,1.32,0.44,63.6,30.26,3.95
Bërzhitë,1602/00,253,6,10,2,182,47,6,2.37,3.95,0.79,71.94,18.58,2.37
Bërzhitë,1603/00,215,3,7,0,175,26,4,1.4,3.26,0.0,81.4,12.09,1.86
Bërzhitë,1606/00,303,11,7,4,181,96,4,3.63,2.31,1.32,59.74,31.68,1.32
Bërzhitë,1606/01,283,8,7,2,189,68,9,2.83,2.47,0.71,66.78,24.03,3.18
Bërzhitë,1607/00,438,7,12,4,346,60,9,1.6,2.74,0.91,79.0,13.7,2.05
Bërzhitë,1608/00,227,7,4,1,158,49,8,3.08,1.76,0.44,69.6,21.59,3.52
Bërzhitë,1608/01,236,10,6,2,182,31,5,4.24,2.54,0.85,77.12,13.14,2.12
Bërzhitë,1609/00,200,0,6,0,159,32,3,0.0,3.0,0.0,79.5,16.0,1.5
Bërzhitë,1612/00,240,3,7,1,165,52,12,1.25,2.92,0.42,68.75,21.67,5.0
Dajt,1615/00,406,16,2,4,178,182,24,3.94,0.49,0.99,43.84,44.83,5.91
Dajt,1615/01,421,19,4,1,240,140,17,4.51,0.95,0.24,57.01,33.25,4.04
Dajt,1615/02,433,30,4,1,193,184,21,6.93,0.92,0.23,44.57,42.49,4.85
Dajt,1615/03,455,37,4,4,230,159,21,8.13,0.88,0.88,50.55,34.95,4.62
Dajt,1615/04,439,31,5,1,229,156,17,7.06,1.14,0.23,52.16,35.54,3.87
Dajt,1615/05,408,16,4,3,231,130,24,3.92,0.98,0.74,56.62,31.86,5.88
Dajt,1615/06,421,21,8,3,215,159,15,4.99,1.9,0.71,51.07,37.77,3.56
Dajt,1615/07,424,31,4,2,192,177,18,7.31,0.94,0.47,45.28,41.75,4.25
Dajt,1615/08,429,19,4,4,217,164,21,4.43,0.93,0.93,50.58,38.23,4.9
Dajt,1615/09,439,20,1,5,200,190,23,4.56,0.23,1.14,45.56,43.28,5.24
Dajt,1615/10,388,30,4,0,222,116,16,7.73,1.03,0.0,57.22,29.9,4.12
Dajt,1615/11,411,30,8,2,209,150,12,7.3,1.95,0.49,50.85,36.5,2.92
Dajt,1615/12,420,24,6,2,240,126,22,5.71,1.43,0.48,57.14,30.0,5.24
Dajt,1615/13,458,17,13,2,259,145,22,3.71,2.84,0.44,56.55,31.66,4.8
Dajt,1616/00,264,15,8,1,150,74,16,5.68,3.03,0.38,56.82,28.03,6.06
Dajt,1616/01,282,3,8,0,174,89,8,1.06,2.84,0.0,61.7,31.56,2.84
Dajt,1617/00,270,9,18,0,140,92,11,3.33,6.67,0.0,51.85,34.07,4.07
Dajt,1617/01,269,5,15,0,119,118,12,1.86,5.58,0.0,44.24,43.87,4.46
Dajt,1618/00,196,4,14,0,133,42,3,2.04,7.14,0.0,67.86,21.43,1.53
Dajt,1619/00,174,3,28,0,92,43,8,1.72,16.09,0.0,52.87,24.71,4.6
Dajt,1621/00,140,6,2,0,100,25,7,4.29,1.43,0.0,71.43,17.86,5.0
Dajt,1624/00,121,5,8,0,95,12,1,4.13,6.61,0.0,78.51,9.92,0.83
Dajt,1625/00,277,11,5,1,170,61,29,3.97,1.81,0.36,61.37,22.02,10.47
Dajt,1625/01,244,7,25,0,143,55,14,2.87,10.25,0.0,58.61,22.54,5.74
Dajt,1626/00,474,8,13,2,304,123,24,1.69,2.74,0.42,64.14,25.95,5.06
Dajt,1627/00,289,10,4,2,152,108,13,3.46,1.38,0.69,52.6,37.37,4.5
Dajt,1627/01,336,17,3,3,204,101,8,5.06,0.89,0.89,60.71,30.06,2.38
Dajt,1627/02,251,12,6,1,128,93,11,4.78,2.39,0.4,51.0,37.05,4.38
Dajt,1628/00,338,11,4,3,212,91,17,3.25,1.18,0.89,62.72,26.92,5.03
Farkë,2077/00,475,6,19,2,360,70,18,1.26,4.0,0.42,75.79,14.74,3.79
Farkë,2077/01,422,16,11,2,273,113,7,3.79,2.61,0.47,64.69,26.78,1.66
Farkë,2078/00,553,7,16,2,358,156,14,1.27,2.89,0.36,64.74,28.21,2.53
Farkë,2079/00,335,7,4,1,181,129,13,2.09,1.19,0.3,54.03,38.51,3.88
Farkë,2079/01,386,12,5,0,206,153,10,3.11,1.3,0.0,53.37,39.64,2.59
Farkë,2079/02,369,7,4,0,193,146,19,1.9,1.08,0.0,52.3,39.57,5.15
Farkë,2080/00,339,9,3,0,163,152,12,2.65,0.88,0.0,48.08,44.84,3.54
Farkë,2080/01,347,11,8,1,211,114,2,3.17,2.31,0.29,60.81,32.85,0.58
Farkë,2080/02,332,10,7,3,148,149,15,3.01,2.11,0.9,44.58,44.88,4.52
Farkë,2081/00,375,10,13,2,249,92,9,2.67,3.47,0.53,66.4,24.53,2.4
Farkë,2081/01,406,9,8,2,322,59,6,2.22,1.97,0.49,79.31,14.53,1.48
Farkë,2082/00,418,13,7,2,220,163,13,3.11,1.67,0.48,52.63,39.0,3.11
Farkë,2082/01,378,12,5,4,264,73,20,3.17,1.32,1.06,69.84,19.31,5.29
Farkë,2083/00,492,18,3,1,242,209,19,3.66,0.61,0.2,49.19,42.48,3.86
Farkë,2083/01,452,30,2,9,216,178,17,6.64,0.44,1.99,47.79,39.38,3.76
Farkë,2083/02,417,22,9,3,216,141,26,5.28,2.16,0.72,51.8,33.81,6.24
Farkë,2084/00,537,31,1,2,302,175,26,5.77,0.19,0.37,56.24,32.59,4.84
Farkë,2084/01,527,33,2,4,259,210,19,6.26,0.38,0.76,49.15,39.85,3.61
Farkë,2084/02,512,37,1,4,273,177,20,7.23,0.2,0.78,53.32,34.57,3.91
Farkë,2084/03,548,50,0,3,271,202,22,9.12,0.0,0.55,49.45,36.86,4.01
Farkë,2084/04,502,36,2,6,265,171,22,7.17,0.4,1.2,52.79,34.06,4.38
Farkë,2084/05,534,32,5,11,307,157,22,5.99,0.94,2.06,57.49,29.4,4.12
Farkë,2084/06,500,19,1,2,302,158,18,3.8,0.2,0.4,60.4,31.6,3.6
Farkë,2084/07,459,35,0,6,291,112,15,7.63,0.0,1.31,63.4,24.4,3.27
Krrabë,1629/00,241,9,15,1,183,27,6,3.73,6.22,0.41,75.93,11.2,2.49
Krrabë,1630/00,345,14,9,4,246,62,10,4.06,2.61,1.16,71.3,17.97,2.9
Krrabë,1631/00,220,4,12,3,161,35,5,1.82,5.45,1.36,73.18,15.91,2.27
Krrabë,1632/00,362,8,10,3,279,46,16,2.21,2.76,0.83,77.07,12.71,4.42
Shengjergj,1652/00,216,9,5,1,93,102,6,4.17,2.31,0.46,43.06,47.22,2.78
Shengjergj,1657/00,180,3,3,2,95,75,2,1.67,1.67,1.11,52.78,41.67,1.11
Shengjergj,1658/00,248,8,7,1,102,123,7,3.23,2.82,0.4,41.13,49.6,2.82
Shengjergj,1659/00,319,14,17,1,205,72,10,4.39,5.33,0.31,64.26,22.57,3.13
Shengjergj,1662/00,208,9,7,0,97,86,9,4.33,3.37,0.0,46.63,41.35,4.33
Zall Bastar,1665/00,535,12,12,2,388,67,54,2.24,2.24,0.37,72.52,12.52,10.09
Zall Bastar,1667/00,235,4,6,1,154,53,17,1.7,2.55,0.43,65.53,22.55,7.23
Zall Bastar,1668/00,394,8,3,0,232,128,23,2.03,0.76,0.0,58.88,32.49,5.84
Zall Bastar,1669/00,261,7,8,0,170,68,8,2.68,3.07,0.0,65.13,26.05,3.07
Zall Bastar,1670/00,240,3,5,1,172,40,19,1.25,2.08,0.42,71.67,16.67,7.92
Zall Bastar,1674/00,354,2,14,0,193,126,19,0.56,3.95,0.0,54.52,35.59,5.37
Zall Herr,2052/00,287,12,5,1,187,69,13,4.18,1.74,0.35,65.16,24.04,4.53
Zall Herr,2052/01,365,5,8,1,269,79,3,1.37,2.19,0.27,73.7,21.64,0.82
Zall Herr,2053/00,181,2,4,0,160,12,3,1.1,2.21,0.0,88.4,6.63,1.66
Zall Herr,2055/00,279,8,7,1,206,52,5,2.87,2.51,0.36,73.84,18.64,1.79
Zall Herr,2056/00,401,10,7,4,287,83,10,2.49,1.75,1.0,71.57,20.7,2.49
Zall Herr,2056/01,378,9,10,2,303,50,4,2.38,2.65,0.53,80.16,13.23,1.06
Zall Herr,2056/02,337,11,20,3,210,79,14,3.26,5.93,0.89,62.31,23.44,4.15
Zall Herr,2057/00,400,15,17,0,237,112,19,3.75,4.25,0.0,59.25,28.0,4.75
Zall Herr,2057/01,290,12,7,0,153,109,9,4.14,2.41,0.0,52.76,37.59,3.1
Zall Herr,2058/00,362,6,9,2,274,56,15,1.66,2.49,0.55,75.69,15.47,4.14
Zall Herr,2058/01,357,8,5,1,256,71,16,2.24,1.4,0.28,71.71,19.89,4.48
Zall Herr,2059/00,408,6,9,0,351,34,8,1.47,2.21,0.0,86.03,8.33,1.96
Zall Herr,2060/00,207,4,7,0,152,36,8,1.93,3.38,0.0,73.43,17.39,3.86
Zall Herr,2061/00,245,7,2,1,179,49,7,2.86,0.82,0.41,73.06,20.0,2.86
Zall Herr,2062/00,215,3,8,0,187,17,0,1.4,3.72,0.0,86.98,7.91,0.0
Njësia Administrative Nr. 1,1680/00,34,2,1,0,29,2,0,5.88,2.94,0.0,85.29,5.88,0.0
Njësia Administrative Nr. 1,1681/00,478,23,4,3,273,156,19,4.81,0.84,0.63,57.11,32.64,3.97
Njësia Administrative Nr. 1,1682/00,330,17,1,2,201,100,9,5.15,0.3,0.61,60.91,30.3,2.73
Njësia Administrative Nr. 1,1682/01,309,17,2,7,189,81,13,5.5,0.65,2.27,61.17,26.21,4.21
Njësia Administrative Nr. 1,1683/00,270,12,1,3,142,102,10,4.44,0.37,1.11,52.59,37.78,3.7
Njësia Administrative Nr. 1,1683/01,281,23,1,7,133,104,13,8.19,0.36,2.49,47.33,37.01,4.63
Njësia Administrative Nr. 1,1684/00,212,5,0,1,107,94,5,2.36,0.0,0.47,50.47,44.34,2.36
Njësia Administrative Nr. 1,1684/01,195,13,0,2,116,48,16,6.67,0.0,1.03,59.49,24.62,8.21
Njësia Administrative Nr. 1,1685/00,407,17,3,3,199,164,21,4.18,0.74,0.74,48.89,40.29,5.16
Njësia Administrative Nr. 1,1686/00,351,17,3,4,196,114,17,4.84,0.85,1.14,55.84,32.48,4.84
Njësia Administrative Nr. 1,1686/01,349,19,3,11,182,122,12,5.44,0.86,3.15,52.15,34.96,3.44
Njësia Administrative Nr. 1,1687/00,279,16,2,3,138,108,12,5.73,0.72,1.08,49.46,38.71,4.3
Njësia Administrative Nr. 1,1688/00,339,17,2,2,189,111,18,5.01,0.59,0.59,55.75,32.74,5.31
Njësia Administrative Nr. 1,1688/01,314,26,2,1,154,121,10,8.28,0.64,0.32,49.04,38.54,3.18
Njësia Administrative Nr. 1,1689/00,339,24,2,3,185,114,11,7.08,0.59,0.88,54.57,33.63,3.24
Njësia Administrative Nr. 1,1689/01,398,13,1,0,261,112,11,3.27,0.25,0.0,65.58,28.14,2.76
Njësia Administrative Nr. 1,1689/02,435,29,2,3,236,139,26,6.67,0.46,0.69,54.25,31.95,5.98
Njësia Administrative Nr. 1,1690/00,46,0,0,0,45,1,0,0.0,0.0,0.0,97.83,2.17,0.0
Njësia Administrative Nr. 1,1691/00,235,9,3,5,129,81,8,3.83,1.28,2.13,54.89,34.47,3.4
Njësia Administrative Nr. 1,1691/01,289,13,3,0,195,66,12,4.5,1.04,0.0,67.47,22.84,4.15
Njësia Administrative Nr. 1,1692/00,224,11,1,0,144,61,7,4.91,0.45,0.0,64.29,27.23,3.12
Njësia Administrative Nr. 1,1692/01,223,12,0,2,126,75,8,5.38,0.0,0.9,56.5,33.63,3.59
Njësia Administrative Nr. 1,1693/00,216,16,1,5,118,63,13,7.41,0.46,2.31,54.63,29.17,6.02
Njësia Administrative Nr. 1,1693/01,281,11,4,2,176,81,7,3.91,1.42,0.71,62.63,28.83,2.49
Njësia Administrative Nr. 1,1694/00,221,14,0,1,141,57,8,6.33,0.0,0.45,63.8,25.79,3.62
Njësia Administrative Nr. 1,1694/01,187,13,0,4,104,55,11,6.95,0.0,2.14,55.61,29.41,5.88
Njësia Administrative Nr. 1,1695/00,193,11,2,0,105,69,6,5.7,1.04,0.0,54.4,35.75,3.11
Njësia Administrative Nr. 1,1695/01,286,12,3,4,136,118,13,4.2,1.05,1.4,47.55,41.26,4.55
Njësia Administrative Nr. 1,1696/00,223,13,1,6,119,72,12,5.83,0.45,2.69,53.36,32.29,5.38
Njësia Administrative Nr. 1,1696/01,213,12,0,2,105,79,15,5.63,0.0,0.94,49.3,37.09,7.04
Njësia Administrative Nr. 1,1697/00,227,16,3,2,108,87,11,7.05,1.32,0.88,47.58,38.33,4.85
Njësia Administrative Nr. 1,1697/01,228,9,0,5,120,83,11,3.95,0.0,2.19,52.63,36.4,4.82
Njësia Administrative Nr. 1,1698/00,254,16,1,1,129,99,8,6.3,0.39,0.39,50.79,38.98,3.15
Njësia Administrative Nr. 1,1698/01,226,7,0,4,130,75,10,3.1,0.0,1.77,57.52,33.19,4.42
Njësia Administrative Nr. 1,1699/00,303,12,4,2,162,102,21,3.96,1.32,0.66,53.47,33.66,6.93
Njësia Administrative Nr. 1,1699/01,348,10,5,3,183,136,11,2.87,1.44,0.86,52.59,39.08,3.16
Njësia Administrative Nr. 1,1699/02,291,20,0,2,155,101,13,6.87,0.0,0.69,53.26,34.71,4.47
Njësia Administrative Nr. 1,1699/03,304,19,5,0,168,100,12,6.25,1.64,0.0,55.26,32.89,3.95
Njësia Administrative Nr. 1,1700/00,390,24,6,4,223,118,15,6.15,1.54,1.03,57.18,30.26,3.85
Njësia Administrative Nr. 1,1701/00,393,19,5,6,156,186,21,4.83,1.27,1.53,39.69,47.33,5.34
Njësia Administrative Nr. 1,1701/01,499,31,2,5,242,198,21,6.21,0.4,1.0,48.5,39.68,4.21
Njësia Administrative Nr. 1,1702/00,230,12,1,4,113,91,9,5.22,0.43,1.74,49.13,39.57,3.91
Njësia Administrative Nr. 1,1702/01,240,7,2,3,132,82,14,2.92,0.83,1.25,55.0,34.17,5.83
Njësia Administrative Nr. 1,1703/00,362,7,8,4,216,108,19,1.93,2.21,1.1,59.67,29.83,5.25
Njësia Administrative Nr. 1,1703/01,363,15,4,2,216,108,18,4.13,1.1,0.55,59.5,29.75,4.96
Njësia Administrative Nr. 1,1703/02,326,8,2,3,182,122,9,2.45,0.61,0.92,55.83,37.42,2.76
Njësia Administrative Nr. 1,1704/00,444,9,11,2,271,139,12,2.03,2.48,0.45,61.04,31.31,2.7
Njësia Administrative Nr. 1,1704/01,353,15,6,2,203,114,13,4.25,1.7,0.57,57.51,32.29,3.68
Njësia Administrative Nr. 1,1704/02,420,15,6,3,244,136,16,3.57,1.43,0.71,58.1,32.38,3.81
Njësia Administrative Nr. 1,1704/03,393,15,9,3,221,134,11,3.82,2.29,0.76,56.23,34.1,2.8
Njësia Administrative Nr. 1,1705/00,441,21,6,4,296,103,11,4.76,1.36,0.91,67.12,23.36,2.49
Njësia Administrative Nr. 1,1706/00,366,12,8,2,232,100,12,3.28,2.19,0.55,63.39,27.32,3.28
Njësia Administrative Nr. 1,1706/01,333,10,8,0,218,83,14,3.0,2.4,0.0,65.47,24.92,4.2
Njësia Administrative Nr. 1,1707/00,407,13,6,5,237,131,15,3.19,1.47,1.23,58.23,32.19,3.69
Njësia Administrative Nr. 1,1707/01,405,9,8,5,234,131,18,2.22,1.98,1.23,57.78,32.35,4.44
Njësia Administrative Nr. 1,1707/02,386,12,6,4,217,128,19,3.11,1.55,1.04,56.22,33.16,4.92
Njësia Administrative Nr. 2,1708/00,321,21,3,8,191,85,13,6.54,0.93,2.49,59.5,26.48,4.05
Njësia Administrative Nr. 2,1708/01,319,29,1,14,162,87,26,9.09,0.31,4.39,50.78,27.27,8.15
Njësia Administrative Nr. 2,1709/00,346,25,0,3,184,113,21,7.23,0.0,0.87,53.18,32.66,6.07
Njësia Administrative Nr. 2,1709/01,328,22,0,3,168,124,11,6.71,0.0,0.91,51.22,37.8,3.35
Njësia Administrative Nr. 2,1709/02,326,31,2,11,142,127,13,9.51,0.61,3.37,43.56,38.96,3.99
Njësia Administrative Nr. 2,1710/00,217,11,2,2,92,96,14,5.07,0.92,0.92,42.4,44.24,6.45
Njësia Administrative Nr. 2,1710/01,206,15,2,2,109,65,13,7.28,0.97,0.97,52.91,31.55,6.31
Njësia Administrative Nr. 2,1711/00,272,20,1,2,170,72,7,7.35,0.37,0.74,62.5,26.47,2.57
Njësia Administrative Nr. 2,1711/01,240,17,2,4,137,75,5,7.08,0.83,1.67,57.08,31.25,2.08
Njësia Administrative Nr. 2,1712/00,268,20,0,5,147,87,9,7.46,0.0,1.87,54.85,32.46,3.36
Njësia Administrative Nr. 2,1712/01,290,22,0,5,149,100,14,7.59,0.0,1.72,51.38,34.48,4.83
Njësia Administrative Nr. 2,1713/00,269,20,0,5,148,82,14,7.43,0.0,1.86,55.02,30.48,5.2
Njësia Administrative Nr. 2,1713/01,276,10,2,15,157,78,14,3.62,0.72,5.43,56.88,28.26,5.07
Njësia Administrative Nr. 2,1714/00,272,13,3,6,135,108,7,4.78,1.1,2.21,49.63,39.71,2.57
Njësia Administrative Nr. 2,1714/01,316,32,0,2,169,102,11,10.13,0.0,0.63,53.48,32.28,3.48
Njësia Administrative Nr. 2,1714/02,293,21,4,5,160,91,12,7.17,1.37,1.71,54.61,31.06,4.1
Njësia Administrative Nr. 2,1714/03,289,22,0,4,136,117,10,7.61,0.0,1.38,47.06,40.48,3.46
Njësia Administrative Nr. 2,1715/00,267,15,1,4,158,83,6,5.62,0.37,1.5,59.18,31.09,2.25
Njësia Administrative Nr. 2,1715/01,250,14,0,0,131,95,10,5.6,0.0,0.0,52.4,38.0,4.0
Njësia Administrative Nr. 2,1715/02,259,12,0,2,122,112,11,4.63,0.0,0.77,47.1,43.24,4.25
Njësia Administrative Nr. 2,1716/00,272,7,3,2,126,117,17,2.57,1.1,0.74,46.32,43.01,6.25
Njësia Administrative Nr. 2,1716/01,308,9,1,3,164,116,15,2.92,0.32,0.97,53.25,37.66,4.87
Njësia Administrative Nr. 2,1716/02,231,9,1,5,105,98,13,3.9,0.43,2.16,45.45,42.42,5.63
Njësia Administrative Nr. 2,1717/00,221,15,1,1,115,75,14,6.79,0.45,0.45,52.04,33.94,6.33
Njësia Administrative Nr. 2,1717/01,211,15,0,0,104,73,19,7.11,0.0,0.0,49.29,34.6,9.0
Njësia Administrative Nr. 2,1718/00,313,10,2,3,120,165,13,3.19,0.64,0.96,38.34,52.72,4.15
Njësia Administrative Nr. 2,1718/01,390,25,3,3,181,170,8,6.41,0.77,0.77,46.41,43.59,2.05
Njësia Administrative Nr. 2,1719/00,396,17,2,8,214,138,17,4.29,0.51,2.02,54.04,34.85,4.29
Njësia Administrative Nr. 2,1720/00,294,24,1,6,139,110,14,8.16,0.34,2.04,47.28,37.41,4.76
Njësia Administrative Nr. 2,1720/01,345,21,3,2,176,121,22,6.09,0.87,0.58,51.01,35.07,6.38
Njësia Administrative Nr. 2,1720/02,366,36,0,5,186,121,18,9.84,0.0,1.37,50.82,33.06,4.92
Njësia Administrative Nr. 2,1721/00,425,26,5,2,192,180,20,6.12,1.18,0.47,45.18,42.35,4.71
Njësia Administrative Nr. 2,1722/00,300,10,4,1,138,130,17,3.33,1.33,0.33,46.0,43.33,5.67
Njësia Administrative Nr. 2,1722/01,281,13,2,1,97,153,15,4.63,0.71,0.36,34.52,54.45,5.34
Njësia Administrative Nr. 2,1723/00,451,20,3,1,198,211,18,4.43,0.67,0.22,43.9,46.78,3.99
Njësia Administrative Nr. 2,1723/01,408,20,3,1,155,207,22,4.9,0.74,0.25,37.99,50.74,5.39
Njësia Administrative Nr. 2,1723/02,374,28,2,4,157,158,25,7.49,0.53,1.07,41.98,42.25,6.68
Njësia Administrative Nr. 2,1723/03,463,29,2,1,261,145,25,6.26,0.43,0.22,56.37,31.32,5.4
Njësia Administrative Nr. 2,1723/04,423,25,3,4,194,182,15,5.91,0.71,0.95,45.86,43.03,3.55
Njësia Administrative Nr. 2,1724/00,279,10,3,2,125,125,14,3.58,1.08,0.72,44.8,44.8,5.02
Njësia Administrative Nr. 2,1724/01,304,8,1,4,144,139,8,2.63,0.33,1.32,47.37,45.72,2.63
Njësia Administrative Nr. 2,1725/00,255,18,2,6,120,97,12,7.06,0.78,2.35,47.06,38.04,4.71
Njësia Administrative Nr. 2,1725/01,334,29,2,5,158,120,20,8.68,0.6,1.5,47.31,35.93,5.99
Njësia Administrative Nr. 2,1725/02,329,18,3,3,170,111,24,5.47,0.91,0.91,51.67,33.74,7.29
Njësia Administrative Nr. 2,1726/00,340,15,3,1,192,116,13,4.41,0.88,0.29,56.47,34.12,3.82
Njësia Administrative Nr. 2,1726/01,309,18,4,0,186,86,15,5.83,1.29,0.0,60.19,27.83,4.85
Njësia Administrative Nr. 2,1727/00,357,20,3,5,147,168,14,5.6,0.84,1.4,41.18,47.06,3.92
Njësia Administrative Nr. 2,1727/01,457,23,1,1,202,210,20,5.03,0.22,0.22,44.2,45.95,4.38
Njësia Administrative Nr. 2,1728/00,194,17,0,2,107,59,9,8.76,0.0,1.03,55.15,30.41,4.64
Njësia Administrative Nr. 2,1728/01,266,8,0,2,89,157,10,3.01,0.0,0.75,33.46,59.02,3.76
Njësia Administrative Nr. 2,1729/00,376,29,1,3,226,105,12,7.71,0.27,0.8,60.11,27.93,3.19
Njësia Administrative Nr. 2,1729/01,375,48,0,3,222,86,16,12.8,0.0,0.8,59.2,22.93,4.27
Njësia Administrative Nr. 2,1729/02,404,29,2,5,236,116,16,7.18,0.5,1.24,58.42,28.71,3.96
Njësia Administrative Nr. 2,1730/00,349,22,1,3,188,124,11,6.3,0.29,0.86,53.87,35.53,3.15
Njësia Administrative Nr. 2,1730/01,413,30,0,3,186,180,14,7.26,0.0,0.73,45.04,43.58,3.39
Njësia Administrative Nr. 2,1730/02,368,16,1,4,169,159,19,4.35,0.27,1.09,45.92,43.21,5.16
Njësia Administrative Nr. 2,1731/00,278,10,1,3,163,90,11,3.6,0.36,1.08,58.63,32.37,3.96
Njësia Administrative Nr. 2,1731/01,328,22,1,1,165,128,11,6.71,0.3,0.3,50.3,39.02,3.35
Njësia Administrative Nr. 2,1732/00,325,15,1,3,175,117,14,4.62,0.31,0.92,53.85,36.0,4.31
Njësia Administrative Nr. 2,1732/01,240,15,0,1,123,77,24,6.25,0.0,0.42,51.25,32.08,10.0
Njësia Administrative Nr. 2,1733/00,328,19,4,3,190,98,14,5.79,1.22,0.91,57.93,29.88,4.27
Njësia Administrative Nr. 2,1734/00,346,30,2,7,169,126,12,8.67,0.58,2.02,48.84,36.42,3.47
Njësia Administrative Nr. 2,1734/01,329,15,2,9,159,128,16,4.56,0.61,2.74,48.33,38.91,4.86
Njësia Administrative Nr. 2,1735/00,480,15,3,0,272,179,11,3.12,0.62,0.0,56.67,37.29,2.29
Njësia Administrative Nr. 2,1735/01,493,19,3,1,344,106,20,3.85,0.61,0.2,69.78,21.5,4.06
Njësia Administrative Nr. 2,1736/00,388,10,5,0,161,198,14,2.58,1.29,0.0,41.49,51.03,3.61
Njësia Administrative Nr. 2,1736/01,489,12,4,2,345,112,14,2.45,0.82,0.41,70.55,22.9,2.86
Njësia Administrative Nr. 2,1736/02,522,12,9,3,340,150,8,2.3,1.72,0.57,65.13,28.74,1.53
Njësia Administrative Nr. 2,1737/00,495,27,2,1,307,139,19,5.45,0.4,0.2,62.02,28.08,3.84
Njësia Administrative Nr. 2,1737/01,504,11,6,5,356,110,16,2.18,1.19,0.99,70.63,21.83,3.17
Njësia Administrative Nr. 2,1738/00,283,10,6,3,174,80,10,3.53,2.12,1.06,61.48,28.27,3.53
Njësia Administrative Nr. 2,1738/01,299,4,2,1,214,67,11,1.34,0.67,0.33,71.57,22.41,3.68
Njësia Administrative Nr. 2,1739/00,331,9,2,1,207,106,6,2.72,0.6,0.3,62.54,32.02,1.81
Njësia Administrative Nr. 2,1739/01,270,8,4,5,140,102,11,2.96,1.48,1.85,51.85,37.78,4.07
Njësia Administrative Nr. 2,1740/00,176,12,1,5,94,61,3,6.82,0.57,2.84,53.41,34.66,1.7
Njësia Administrative Nr. 2,1740/01,216,14,1,1,96,94,10,6.48,0.46,0.46,44.44,43.52,4.63
Njësia Administrative Nr. 2,1741/00,336,20,0,9,153,141,13,5.95,0.0,2.68,45.54,41.96,3.87
Njësia Administrative Nr. 2,1741/01,224,5,0,4,111,92,12,2.23,0.0,1.79,49.55,41.07,5.36
Njësia Administrative Nr. 2,1741/02,264,19,1,5,137,95,7,7.2,0.38,1.89,51.89,35.98,2.65
Njësia Administrative Nr. 2,1742/00,275,20,0,6,149,90,10,7.27,0.0,2.18,54.18,32.73,3.64
Njësia Administrative Nr. 2,1742/01,278,11,0,1,126,127,13,3.96,0.0,0.36,45.32,45.68,4.68
Njësia Administrative Nr. 2,1743/00,356,21,3,4,165,146,17,5.9,0.84,1.12,46.35,41.01,4.78
Njësia Administrative Nr. 2,1743/01,282,24,2,6,125,120,5,8.51,0.71,2.13,44.33,42.55,1.77
Njësia Administrative Nr. 2,1744/00,233,15,0,1,111,87,19,6.44,0.0,0.43,47.64,37.34,8.15
Njësia Administrative Nr. 2,1745/00,382,19,2,9,186,154,12,4.97,0.52,2.36,48.69,40.31,3.14
Njësia Administrative Nr. 2,1746/00,190,5,1,1,84,91,8,2.63,0.53,0.53,44.21,47.89,4.21
Njësia Administrative Nr. 2,1746/01,210,9,1,2,81,99,18,4.29,0.48,0.95,38.57,47.14,8.57
Njësia Administrative Nr. 2,1747/00,223,19,0,2,118,74,10,8.52,0.0,0.9,52.91,33.18,4.48
Njësia Administrative Nr. 2,1747/01,228,18,1,1,90,111,7,7.89,0.44,0.44,39.47,48.68,3.07
Njësia Administrative Nr. 2,1748/00,292,13,0,2,134,131,12,4.45,0.0,0.68,45.89,44.86,4.11
Njësia Administrative Nr. 3,1749/00,282,12,4,6,162,86,12,4.26,1.42,2.13,57.45,30.5,4.26
Njësia Administrative Nr. 3,1749/01,309,15,0,4,175,107,8,4.85,0.0,1.29,56.63,34.63,2.59
Njësia Administrative Nr. 3,1750/00,371,11,3,5,204,129,19,2.96,0.81,1.35,54.99,34.77,5.12
Njësia Administrative Nr. 3,1751/00,347,16,3,0,217,96,15,4.61,0.86,0.0,62.54,27.67,4.32
Njësia Administrative Nr. 3,1751/01,388,22,3,4,253,92,14,5.67,0.77,1.03,65.21,23.71,3.61
Njësia Administrative Nr. 3,1752/00,275,25,1,7,132,92,18,9.09,0.36,2.55,48.0,33.45,6.55
Njësia Administrative Nr. 3,1753/00,234,10,1,2,132,83,6,4.27,0.43,0.85,56.41,35.47,2.56
Njësia Administrative Nr. 3,1753/01,236,13,1,1,129,87,5,5.51,0.42,0.42,54.66,36.86,2.12
Njësia Administrative Nr. 3,1754/00,194,12,1,1,137,34,9,6.19,0.52,0.52,70.62,17.53,4.64
Njësia Administrative Nr. 3,1754/01,222,19,1,2,135,54,11,8.56,0.45,0.9,60.81,24.32,4.95
Njësia Administrative Nr. 3,1755/00,365,15,2,3,231,102,12,4.11,0.55,0.82,63.29,27.95,3.29
Njësia Administrative Nr. 3,1756/00,302,11,0,1,166,113,11,3.64,0.0,0.33,54.97,37.42,3.64
Njësia Administrative Nr. 3,1756/01,306,12,1,3,187,88,15,3.92,0.33,0.98,61.11,28.76,4.9
Njësia Administrative Nr. 3,1757/00,269,6,2,3,161,84,13,2.23,0.74,1.12,59.85,31.23,4.83
Njësia Administrative Nr. 3,1757/01,273,5,1,13,161,84,9,1.83,0.37,4.76,58.97,30.77,3.3
Njësia Administrative Nr. 3,1758/00,312,24,3,4,169,101,11,7.69,0.96,1.28,54.17,32.37,3.53
Njësia Administrative Nr. 3,1758/01,289,12,2,4,173,89,9,4.15,0.69,1.38,59.86,30.8,3.11
Njësia Administrative Nr. 3,1759/00,288,12,4,4,166,87,15,4.17,1.39,1.39,57.64,30.21,5.21
Njësia Administrative Nr. 3,1759/01,285,9,1,2,169,92,12,3.16,0.35,0.7,59.3,32.28,4.21
Njësia Administrative Nr. 3,1759/02,404,10,10,2,221,143,18,2.48,2.48,0.5,54.7,35.4,4.46
Njësia Administrative Nr. 3,1760/00,365,25,7,3,182,137,11,6.85,1.92,0.82,49.86,37.53,3.01
Njësia Administrative Nr. 3,1760/01,333,19,5,1,185,107,16,5.71,1.5,0.3,55.56,32.13,4.8
Njësia Administrative Nr. 3,1760/02,353,7,3,4,175,143,21,1.98,0.85,1.13,49.58,40.51,5.95
Njësia Administrative Nr. 3,1761/00,426,9,7,5,244,142,19,2.11,1.64,1.17,57.28,33.33,4.46
Njësia Administrative Nr. 3,1761/01,450,15,4,2,271,131,27,3.33,0.89,0.44,60.22,29.11,6.0
Njësia Administrative Nr. 3,1762/00,477,22,4,1,256,170,24,4.61,0.84,0.21,53.67,35.64,5.03
Njësia Administrative Nr. 3,1762/01,415,14,2,4,240,140,15,3.37,0.48,0.96,57.83,33.73,3.61
Njësia Administrative Nr. 3,1762/02,416,17,4,5,256,120,14,4.09,0.96,1.2,61.54,28.85,3.37
Njësia Administrative Nr. 3,1763/00,218,7,0,2,124,71,14,3.21,0.0,0.92,56.88,32.57,6.42
Njësia Administrative Nr. 3,1763/01,273,17,5,4,159,75,13,6.23,1.83,1.47,58.24,27.47,4.76
Njësia Administrative Nr. 3,1764/00,454,19,2,2,273,149,9,4.19,0.44,0.44,60.13,32.82,1.98
Njësia Administrative Nr. 3,1765/00,249,10,6,3,163,57,10,4.02,2.41,1.2,65.46,22.89,4.02
Njësia Administrative Nr. 3,1765/01,235,11,2,2,135,79,6,4.68,0.85,0.85,57.45,33.62,2.55
Njësia Administrative Nr. 3,1766/00,261,14,0,0,133,104,10,5.36,0.0,0.0,50.96,39.85,3.83
Njësia Administrative Nr. 3,1766/01,225,12,4,5,101,93,10,5.33,1.78,2.22,44.89,41.33,4.44
Njësia Administrative Nr. 3,1766/02,265,7,1,0,146,99,12,2.64,0.38,0.0,55.09,37.36,4.53
Njësia Administrative Nr. 3,1767/00,267,1,3,1,159,90,13,0.37,1.12,0.37,59.55,33.71,4.87
Njësia Administrative Nr. 3,1767/01,252,4,0,1,171,70,6,1.59,0.0,0.4,67.86,27.78,2.38
Njësia Administrative Nr. 3,1768/00,282,10,4,0,181,79,8,3.55,1.42,0.0,64.18,28.01,2.84
Njësia Administrative Nr. 3,1768/01,266,14,2,2,129,111,8,5.26,0.75,0.75,48.5,41.73,3.01
Njësia Administrative Nr. 3,1769/00,164,6,2,0,102,46,8,3.66,1.22,0.0,62.2,28.05,4.88
Njësia Administrative Nr. 3,1769/01,170,7,2,1,101,53,6,4.12,1.18,0.59,59.41,31.18,3.53
Njësia Administrative Nr. 3,1770/00,205,11,1,0,133,51,9,5.37,0.49,0.0,64.88,24.88,4.39
Njësia Administrative Nr. 3,1770/01,190,9,1,1,120,54,5,4.74,0.53,0.53,63.16,28.42,2.63
Njësia Administrative Nr. 3,1771/00,207,11,4,1,120,62,9,5.31,1.93,0.48,57.97,29.95,4.35
Njësia Administrative Nr. 3,1771/01,192,8,1,0,126,51,6,4.17,0.52,0.0,65.62,26.56,3.12
Njësia Administrative Nr. 3,1772/00,355,30,0,3,208,106,8,8.45,0.0,0.85,58.59,29.86,2.25
Njësia Administrative Nr. 3,1773/00,220,10,1,1,136,64,8,4.55,0.45,0.45,61.82,29.09,3.64
Njësia Administrative Nr. 3,1773/01,213,13,0,4,119,60,17,6.1,0.0,1.88,55.87,28.17,7.98
Njësia Administrative Nr. 3,1774/00,287,14,4,0,173,89,7,4.88,1.39,0.0,60.28,31.01,2.44
Njësia Administrative Nr. 3,1775/00,293,18,1,3,189,75,7,6.14,0.34,1.02,64.51,25.6,2.39
Njësia Administrative Nr. 3,1776/00,348,15,2,3,208,112,8,4.31,0.57,0.86,59.77,32.18,2.3
Njësia Administrative Nr. 4,1782/00,170,8,1,0,98,48,15,4.71,0.59,0.0,57.65,28.24,8.82
Njësia Administrative Nr. 4,1782/01,144,2,1,1,82,43,15,1.39,0.69,0.69,56.94,29.86,10.42
Njësia Administrative Nr. 4,1783/00,256,10,1,3,162,74,6,3.91,0.39,1.17,63.28,28.91,2.34
Njësia Administrative Nr. 4,1783/01,228,6,2,0,139,76,5,2.63,0.88,0.0,60.96,33.33,2.19
Njësia Administrative Nr. 4,1784/00,236,16,4,1,129,76,10,6.78,1.69,0.42,54.66,32.2,4.24
Njësia Administrative Nr. 4,1784/01,268,18,0,0,167,77,6,6.72,0.0,0.0,62.31,28.73,2.24
Njësia Administrative Nr. 4,1784/02,330,28,2,2,148,141,9,8.48,0.61,0.61,44.85,42.73,2.73
Njësia Administrative Nr. 4,1785/00,263,17,1,2,163,74,6,6.46,0.38,0.76,61.98,28.14,2.28
Njësia Administrative Nr. 4,1785/01,291,11,0,0,171,99,10,3.78,0.0,0.0,58.76,34.02,3.44
Njësia Administrative Nr. 4,1785/02,307,20,1,0,154,115,17,6.51,0.33,0.0,50.16,37.46,5.54
Njësia Administrative Nr. 4,1786/00,261,10,2,4,164,68,13,3.83,0.77,1.53,62.84,26.05,4.98
Njësia Administrative Nr. 4,1786/01,292,18,5,0,187,75,7,6.16,1.71,0.0,64.04,25.68,2.4
Njësia Administrative Nr. 4,1787/00,279,9,4,1,158,98,9,3.23,1.43,0.36,56.63,35.13,3.23
Njësia Administrative Nr. 4,1787/01,345,26,2,1,152,142,22,7.54,0.58,0.29,44.06,41.16,6.38
Njësia Administrative Nr. 4,1788/00,161,8,1,0,98,48,6,4.97,0.62,0.0,60.87,29.81,3.73
Njësia Administrative Nr. 4,1788/01,218,10,2,0,140,61,5,4.59,0.92,0.0,64.22,27.98,2.29
Njësia Administrative Nr. 4,1789/00,319,10,2,1,176,124,6,3.13,0.63,0.31,55.17,38.87,1.88
Njësia Administrative Nr. 4,1789/01,315,15,5,4,175,112,4,4.76,1.59,1.27,55.56,35.56,1.27
Njësia Administrative Nr. 4,1789/02,318,15,1,2,168,113,19,4.72,0.31,0.63,52.83,35.53,5.97
Njësia Administrative Nr. 4,1790/00,270,8,1,1,121,133,6,2.96,0.37,0.37,44.81,49.26,2.22
Njësia Administrative Nr. 4,1790/01,302,12,0,0,145,134,11,3.97,0.0,0.0,48.01,44.37,3.64
Njësia Administrative Nr. 4,1791/00,271,16,5,0,129,110,11,5.9,1.85,0.0,47.6,40.59,4.06
Njësia Administrative Nr. 4,1791/01,234,6,2,2,107,101,16,2.56,0.85,0.85,45.73,43.16,6.84
Njësia Administrative Nr. 4,1791/02,280,17,6,2,140,107,8,6.07,2.14,0.71,50.0,38.21,2.86
Njësia Administrative Nr. 4,1792/00,260,7,6,2,161,70,14,2.69,2.31,0.77,61.92,26.92,5.38
Njësia Administrative Nr. 4,1793/00,332,12,3,1,202,101,13,3.61,0.9,0.3,60.84,30.42,3.92
Njësia Administrative Nr. 4,1793/01,334,9,4,1,201,106,13,2.69,1.2,0.3,60.18,31.74,3.89
Njësia Administrative Nr. 4,1794/00,264,4,5,1,159,84,11,1.52,1.89,0.38,60.23,31.82,4.17
Njësia Administrative Nr. 4,1794/01,333,8,1,1,127,177,19,2.4,0.3,0.3,38.14,53.15,5.71
Njësia Administrative Nr. 4,1795/00,279,9,8,3,140,111,8,3.23,2.87,1.08,50.18,39.78,2.87
Njësia Administrative Nr. 4,1795/01,359,6,6,5,188,139,15,1.67,1.67,1.39,52.37,38.72,4.18
Njësia Administrative Nr. 4,1796/00,270,27,4,1,121,107,10,10.0,1.48,0.37,44.81,39.63,3.7
Njësia Administrative Nr. 4,1796/01,324,16,5,1,154,135,13,4.94,1.54,0.31,47.53,41.67,4.01
Njësia Administrative Nr. 4,1796/02,304,20,3,6,145,115,15,6.58,0.99,1.97,47.7,37.83,4.93
Njësia Administrative Nr. 4,1797/00,168,11,2,2,84,55,14,6.55,1.19,1.19,50.0,32.74,8.33
Njësia Administrative Nr. 4,1797/01,219,12,1,2,126,63,15,5.48,0.46,0.91,57.53,28.77,6.85
Njësia Administrative Nr. 4,1798/00,243,6,3,1,151,70,12,2.47,1.23,0.41,62.14,28.81,4.94
Njësia Administrative Nr. 4,1798/01,218,5,1,1,146,59,6,2.29,0.46,0.46,66.97,27.06,2.75
Njësia Administrative Nr. 4,1799/00,203,4,3,0,142,48,6,1.97,1.48,0.0,69.95,23.65,2.96
Njësia Administrative Nr. 4,1799/01,251,10,2,4,126,101,8,3.98,0.8,1.59,50.2,40.24,3.19
Njësia Administrative Nr. 4,1800/00,149,7,1,2,96,39,4,4.7,0.67,1.34,64.43,26.17,2.68
Njësia Administrative Nr. 4,1800/01,147,8,0,1,79,50,9,5.44,0.0,0.68,53.74,34.01,6.12
Njësia Administrative Nr. 4,1801/00,199,8,1,2,121,58,9,4.02,0.5,1.01,60.8,29.15,4.52
Njësia Administrative Nr. 4,1801/01,172,8,1,0,112,46,5,4.65,0.58,0.0,65.12,26.74,2.91
Njësia Administrative Nr. 4,1802/00,266,10,1,0,122,123,10,3.76,0.38,0.0,45.86,46.24,3.76
Njësia Administrative Nr. 4,1802/01,269,11,4,2,110,131,11,4.09,1.49,0.74,40.89,48.7,4.09
Njësia Administrative Nr. 4,1802/02,336,15,3,3,159,144,12,4.46,0.89,0.89,47.32,42.86,3.57
Njësia Administrative Nr. 4,1803/00,355,15,7,5,159,143,26,4.23,1.97,1.41,44.79,40.28,7.32
Njësia Administrative Nr. 4,1803/01,396,21,4,4,200,158,9,5.3,1.01,1.01,50.51,39.9,2.27
Njësia Administrative Nr. 4,1803/02,305,11,1,1,173,108,11,3.61,0.33,0.33,56.72,35.41,3.61
Njësia Administrative Nr. 4,1803/03,318,14,6,1,139,144,14,4.4,1.89,0.31,43.71,45.28,4.4
Njësia Administrative Nr. 4,1804/00,255,12,7,1,154,74,7,4.71,2.75,0.39,60.39,29.02,2.75
Njësia Administrative Nr. 4,1804/01,257,14,2,0,156,77,8,5.45,0.78,0.0,60.7,29.96,3.11
Njësia Administrative Nr. 4,1805/00,169,6,2,2,74,69,16,3.55,1.18,1.18,43.79,40.83,9.47
Njësia Administrative Nr. 4,1806/00,221,16,2,2,140,55,6,7.24,0.9,0.9,63.35,24.89,2.71
Njësia Administrative Nr. 4,1806/01,187,10,6,0,97,68,6,5.35,3.21,0.0,51.87,36.36,3.21
Njësia Administrative Nr. 4,1806/02,230,7,4,3,151,47,18,3.04,1.74,1.3,65.65,20.43,7.83
Njësia Administrative Nr. 4,1807/00,150,5,0,0,84,56,5,3.33,0.0,0.0,56.0,37.33,3.33
Njësia Administrative Nr. 4,1807/01,146,6,1,1,80,49,9,4.11,0.68,0.68,54.79,33.56,6.16
Njësia Administrative Nr. 4,1808/00,250,9,0,4,164,65,8,3.6,0.0,1.6,65.6,26.0,3.2
Njësia Administrative Nr. 4,1808/01,253,9,0,1,143,86,14,3.56,0.0,0.4,56.52,33.99,5.53
Njësia Administrative Nr. 4,1809/00,248,17,4,2,162,55,8,6.85,1.61,0.81,65.32,22.18,3.23
Njësia Administrative Nr. 4,1809/01,203,10,1,2,128,53,9,4.93,0.49,0.99,63.05,26.11,4.43
Njësia Administrative Nr. 4,1810/00,280,21,2,5,129,117,6,7.5,0.71,1.79,46.07,41.79,2.14
Njësia Administrative Nr. 4,1810/01,245,9,5,1,148,68,14,3.67,2.04,0.41,60.41,27.76,5.71
Njësia Administrative Nr. 4,1810/02,256,19,2,0,123,95,17,7.42,0.78,0.0,48.05,37.11,6.64
Njësia Administrative Nr. 4,1812/00,203,16,2,0,118,57,10,7.88,0.99,0.0,58.13,28.08,4.93
Njësia Administrative Nr. 4,1812/01,189,5,2,2,103,73,4,2.65,1.06,1.06,54.5,38.62,2.12
Njësia Administrative Nr. 4,1813/00,358,14,2,2,199,125,16,3.91,0.56,0.56,55.59,34.92,4.47
Njësia Administrative Nr. 4,1813/01,321,13,1,0,195,98,14,4.05,0.31,0.0,60.75,30.53,4.36
Njësia Administrative Nr. 4,1813/02,375,26,1,3,184,146,15,6.93,0.27,0.8,49.07,38.93,4.0
Njësia Administrative Nr. 4,1813/03,383,27,1,4,204,124,23,7.05,0.26,1.04,53.26,32.38,6.01
Njësia Administrative Nr. 4,1813/04,368,29,1,3,162,151,22,7.88,0.27,0.82,44.02,41.03,5.98
Njësia Administrative Nr. 5,1814/00,439,26,5,3,242,149,14,5.92,1.14,0.68,55.13,33.94,3.19
Njësia Administrative Nr. 5,1814/01,406,17,1,1,211,159,17,4.19,0.25,0.25,51.97,39.16,4.19
Njësia Administrative Nr. 5,1816/00,343,26,3,1,162,138,13,7.58,0.87,0.29,47.23,40.23,3.79
Njësia Administrative Nr. 5,1816/01,333,23,0,4,192,100,14,6.91,0.0,1.2,57.66,30.03,4.2
Njësia Administrative Nr. 5,1817/00,205,17,1,4,79,91,13,8.29,0.49,1.95,38.54,44.39,6.34
Njësia Administrative Nr. 5,1818/00,265,12,1,3,159,79,11,4.53,0.38,1.13,60.0,29.81,4.15
Njësia Administrative Nr. 5,1818/01,326,23,2,4,164,125,8,7.06,0.61,1.23,50.31,38.34,2.45
Njësia Administrative Nr. 5,1819/00,297,17,0,0,165,100,15,5.72,0.0,0.0,55.56,33.67,5.05
Njësia Administrative Nr. 5,1819/01,362,32,3,3,188,130,6,8.84,0.83,0.83,51.93,35.91,1.66
Njësia Administrative Nr. 5,1820/00,296,21,1,1,159,98,16,7.09,0.34,0.34,53.72,33.11,5.41
Njësia Administrative Nr. 5,1821/00,294,17,1,5,161,94,16,5.78,0.34,1.7,54.76,31.97,5.44
Njësia Administrative Nr. 5,1822/00,228,14,1,2,108,86,17,6.14,0.44,0.88,47.37,37.72,7.46
Njësia Administrative Nr. 5,1822/01,193,15,0,4,95,70,9,7.77,0.0,2.07,49.22,36.27,4.66
Njësia Administrative Nr. 5,1823/00,425,34,3,5,220,130,33,8.0,0.71,1.18,51.76,30.59,7.76
Njësia Administrative Nr. 5,1824/00,221,19,1,4,95,80,22,8.6,0.45,1.81,42.99,36.2,9.95
Njësia Administrative Nr. 5,1824/01,238,18,0,5,113,90,12,7.56,0.0,2.1,47.48,37.82,5.04
Njësia Administrative Nr. 5,1825/00,236,24,0,2,125,78,7,10.17,0.0,0.85,52.97,33.05,2.97
Njësia Administrative Nr. 5,1825/01,234,11,0,0,124,88,11,4.7,0.0,0.0,52.99,37.61,4.7
Njësia Administrative Nr. 5,1826/00,247,25,2,3,130,75,12,10.12,0.81,1.21,52.63,30.36,4.86
Njësia Administrative Nr. 5,1826/01,260,15,1,6,135,89,14,5.77,0.38,2.31,51.92,34.23,5.38
Njësia Administrative Nr. 5,1827/00,410,25,0,5,243,118,19,6.1,0.0,1.22,59.27,28.78,4.63
Njësia Administrative Nr. 5,1827/01,444,36,1,4,236,144,23,8.11,0.23,0.9,53.15,32.43,5.18
Njësia Administrative Nr. 5,1827/02,464,27,0,9,238,161,29,5.82,0.0,1.94,51.29,34.7,6.25
Njësia Administrative Nr. 5,1828/00,304,15,0,3,159,111,16,4.93,0.0,0.99,52.3,36.51,5.26
Njësia Administrative Nr. 5,1828/01,288,24,1,3,156,93,11,8.33,0.35,1.04,54.17,32.29,3.82
Njësia Administrative Nr. 5,1828/02,292,19,0,3,160,95,15,6.51,0.0,1.03,54.79,32.53,5.14
Njësia Administrative Nr. 5,1829/00,244,12,0,2,121,100,9,4.92,0.0,0.82,49.59,40.98,3.69
Njësia Administrative Nr. 5,1829/01,330,14,7,2,182,118,7,4.24,2.12,0.61,55.15,35.76,2.12
Njësia Administrative Nr. 5,1829/02,274,19,1,2,123,119,10,6.93,0.36,0.73,44.89,43.43,3.65
Njësia Administrative Nr. 5,1830/00,323,24,0,3,175,109,12,7.43,0.0,0.93,54.18,33.75,3.72
Njësia Administrative Nr. 5,1830/01,311,21,0,4,160,114,12,6.75,0.0,1.29,51.45,36.66,3.86
Njësia Administrative Nr. 5,1831/00,329,14,0,6,208,88,13,4.26,0.0,1.82,63.22,26.75,3.95
Njësia Administrative Nr. 5,1831/01,351,18,2,3,196,109,23,5.13,0.57,0.85,55.84,31.05,6.55
Njësia Administrative Nr. 5,1831/02,394,37,0,7,177,153,20,9.39,0.0,1.78,44.92,38.83,5.08
Njësia Administrative Nr. 5,1832/00,217,13,3,0,87,97,17,5.99,1.38,0.0,40.09,44.7,7.83
Njësia Administrative Nr. 5,1832/01,215,5,1,0,116,84,9,2.33,0.47,0.0,53.95,39.07,4.19
Njësia Administrative Nr. 5,1833/00,256,14,0,6,148,77,11,5.47,0.0,2.34,57.81,30.08,4.3
Njësia Administrative Nr. 5,1833/01,221,13,2,1,99,92,14,5.88,0.9,0.45,44.8,41.63,6.33
Njësia Administrative Nr. 5,1834/00,360,25,0,2,191,129,13,6.94,0.0,0.56,53.06,35.83,3.61
Njësia Administrative Nr. 5,1834/01,411,28,0,7,207,158,11,6.81,0.0,1.7,50.36,38.44,2.68
Njësia Administrative Nr. 5,1834/02,297,16,0,1,157,115,8,5.39,0.0,0.34,52.86,38.72,2.69
Njësia Administrative Nr. 5,1835/00,237,17,0,3,121,89,7,7.17,0.0,1.27,51.05,37.55,2.95
Njësia Administrative Nr. 5,1835/01,280,16,0,0,138,109,17,5.71,0.0,0.0,49.29,38.93,6.07
Njësia Administrative Nr. 5,1836/00,295,16,0,0,159,106,14,5.42,0.0,0.0,53.9,35.93,4.75
Njësia Administrative Nr. 5,1836/01,283,13,0,1,159,100,10,4.59,0.0,0.35,56.18,35.34,3.53
Njësia Administrative Nr. 5,1837/00,199,20,0,1,114,55,9,10.05,0.0,0.5,57.29,27.64,4.52
Njësia Administrative Nr. 5,1838/00,387,45,1,4,169,156,12,11.63,0.26,1.03,43.67,40.31,3.1
Njësia Administrative Nr. 5,1838/01,373,16,4,2,198,138,15,4.29,1.07,0.54,53.08,37.0,4.02
Njësia Administrative Nr. 5,1839/00,350,24,1,4,168,140,13,6.86,0.29,1.14,48.0,40.0,3.71
Njësia Administrative Nr. 5,1840/00,344,19,2,3,190,118,12,5.52,0.58,0.87,55.23,34.3,3.49
Njësia Administrative Nr. 5,1840/01,353,17,2,2,204,115,13,4.82,0.57,0.57,57.79,32.58,3.68
Njësia Administrative Nr. 5,1841/00,220,9,4,4,136,57,10,4.09,1.82,1.82,61.82,25.91,4.55
Njësia Administrative Nr. 5,1841/01,304,21,0,2,148,113,20,6.91,0.0,0.66,48.68,37.17,6.58
Njësia Administrative Nr. 5,1842/00,253,16,0,3,152,70,12,6.32,0.0,1.19,60.08,27.67,4.74
Njësia Administrative Nr. 5,1842/01,261,20,3,3,152,78,5,7.66,1.15,1.15,58.24,29.89,1.92
Njësia Administrative Nr. 5,1844/00,395,26,2,2,211,123,31,6.58,0.51,0.51,53.42,31.14,7.85
Njësia Administrative Nr. 5,1844/01,364,19,2,2,202,132,7,5.22,0.55,0.55,55.49,36.26,1.92
Njësia Administrative Nr. 5,1844/02,359,23,1,2,187,127,19,6.41,0.28,0.56,52.09,35.38,5.29
Njësia Administrative Nr. 5,1844/03,404,18,5,6,238,119,18,4.46,1.24,1.49,58.91,29.46,4.46
Njësia Administrative Nr. 5,1844/04,381,24,0,5,238,98,16,6.3,0.0,1.31,62.47,25.72,4.2
Njësia Administrative Nr. 5,1845/00,454,20,3,6,242,161,22,4.41,0.66,1.32,53.3,35.46,4.85
Njësia Administrative Nr. 5,1845/01,466,34,0,1,217,199,15,7.3,0.0,0.21,46.57,42.7,3.22
Njësia Administrative Nr. 5,1845/02,454,30,0,3,247,152,22,6.61,0.0,0.66,54.41,33.48,4.85
Njësia Administrative Nr. 5,1845/03,469,37,1,0,251,162,18,7.89,0.21,0.0,53.52,34.54,3.84
Njësia Administrative Nr. 5,1845/04,466,43,1,8,263,134,17,9.23,0.21,1.72,56.44,28.76,3.65
Njësia Administrative Nr. 5,1845/05,442,22,2,2,243,145,28,4.98,0.45,0.45,54.98,32.81,6.33
Njësia Administrative Nr. 5,1845/06,482,32,0,12,232,183,23,6.64,0.0,2.49,48.13,37.97,4.77
Njësia Administrative Nr. 5,1845/07,470,18,3,5,260,165,19,3.83,0.64,1.06,55.32,35.11,4.04
Njësia Administrative Nr. 5,1845/08,481,37,2,3,253,161,25,7.69,0.42,0.62,52.6,33.47,5.2
Njësia Administrative Nr. 5,1845/09,470,27,1,2,242,175,23,5.74,0.21,0.43,51.49,37.23,4.89
Njësia Administrative Nr. 5,1845/10,571,46,2,5,306,185,27,8.06,0.35,0.88,53.59,32.4,4.73
Njësia Administrative Nr. 5,1846/00,248,12,3,1,128,95,9,4.84,1.21,0.4,51.61,38.31,3.63
Njësia Administrative Nr. 5,1846/01,271,17,0,2,153,83,16,6.27,0.0,0.74,56.46,30.63,5.9
Njësia Administrative Nr. 5,1847/00,213,17,1,4,112,73,6,7.98,0.47,1.88,52.58,34.27,2.82
Njësia Administrative Nr. 5,1847/01,261,15,2,1,137,98,8,5.75,0.77,0.38,52.49,37.55,3.07
Njësia Administrative Nr. 5,1847/02,290,19,0,3,157,105,6,6.55,0.0,1.03,54.14,36.21,2.07
Njësia Administrative Nr. 5,1848/00,265,18,0,0,138,96,13,6.79,0.0,0.0,52.08,36.23,4.91
Njësia Administrative Nr. 5,1848/01,253,13,2,5,134,89,10,5.14,0.79,1.98,52.96,35.18,3.95
Njësia Administrative Nr. 5,1849/00,447,25,1,2,273,132,14,5.59,0.22,0.45,61.07,29.53,3.13
Njësia Administrative Nr. 5,1849/01,353,22,1,3,191,123,13,6.23,0.28,0.85,54.11,34.84,3.68
Njësia Administrative Nr. 5,1849/02,401,22,1,3,245,110,20,5.49,0.25,0.75,61.1,27.43,4.99
Njësia Administrative Nr. 5,1850/00,232,16,7,3,117,70,19,6.9,3.02,1.29,50.43,30.17,8.19
Njësia Administrative Nr. 5,1850/01,327,13,4,6,188,99,17,3.98,1.22,1.83,57.49,30.28,5.2
Njësia Administrative Nr. 5,1850/02,297,19,4,1,158,101,14,6.4,1.35,0.34,53.2,34.01,4.71
Njësia Administrative Nr. 5,1851/00,308,19,1,2,164,110,12,6.17,0.32,0.65,53.25,35.71,3.9
Njësia Administrative Nr. 5,1851/01,368,19,1,3,174,148,23,5.16,0.27,0.82,47.28,40.22,6.25
Njësia Administrative Nr. 5,1852/00,251,18,4,0,163,57,9,7.17,1.59,0.0,64.94,22.71,3.59
Njësia Administrative Nr. 5,1852/01,235,15,1,0,147,63,9,6.38,0.43,0.0,62.55,26.81,3.83
Njësia Administrative Nr. 5,1853/00,270,13,4,4,161,78,10,4.81,1.48,1.48,59.63,28.89,3.7
Njësia Administrative Nr. 5,1853/01,295,8,3,1,205,70,8,2.71,1.02,0.34,69.49,23.73,2.71
Njësia Administrative Nr. 5,1854/00,332,15,2,6,233,63,13,4.52,0.6,1.81,70.18,18.98,3.92
Njësia Administrative Nr. 5,1854/01,308,14,4,7,188,79,16,4.55,1.3,2.27,61.04,25.65,5.19
Njësia Administrative Nr. 5,1855/00,412,21,4,4,238,127,18,5.1,0.97,0.97,57.77,30.83,4.37
Njësia Administrative Nr. 5,1855/01,361,10,4,2,256,79,10,2.77,1.11,0.55,70.91,21.88,2.77
Njësia Administrative Nr. 6,1856/00,230,8,7,2,141,62,10,3.48,3.04,0.87,61.3,26.96,4.35
Njësia Administrative Nr. 6,1856/01,253,6,2,0,146,84,15,2.37,0.79,0.0,57.71,33.2,5.93
Njësia Administrative Nr. 6,1857/00,321,15,4,1,187,103,11,4.67,1.25,0.31,58.26,32.09,3.43
Njësia Administrative Nr. 6,1857/01,280,8,4,0,177,78,13,2.86,1.43,0.0,63.21,27.86,4.64
Njësia Administrative Nr. 6,1857/02,347,19,5,2,224,94,3,5.48,1.44,0.58,64.55,27.09,0.86
Njësia Administrative Nr. 6,1858/00,238,15,1,2,146,63,11,6.3,0.42,0.84,61.34,26.47,4.62
Njësia Administrative Nr. 6,1858/01,155,4,1,0,100,47,3,2.58,0.65,0.0,64.52,30.32,1.94
Njësia Administrative Nr. 6,1859/00,172,6,1,1,116,40,8,3.49,0.58,0.58,67.44,23.26,4.65
Njësia Administrative Nr. 6,1859/01,106,5,0,1,65,30,5,4.72,0.0,0.94,61.32,28.3,4.72
Njësia Administrative Nr. 6,1860/00,200,5,2,0,152,38,3,2.5,1.0,0.0,76.0,19.0,1.5
Njësia Administrative Nr. 6,1860/01,175,5,6,0,111,47,6,2.86,3.43,0.0,63.43,26.86,3.43
Njësia Administrative Nr. 6,1861/00,278,9,0,0,172,95,2,3.24,0.0,0.0,61.87,34.17,0.72
Njësia Administrative Nr. 6,1861/01,292,11,3,1,179,88,10,3.77,1.03,0.34,61.3,30.14,3.42
Njësia Administrative Nr. 6,1862/00,271,12,0,1,175,75,8,4.43,0.0,0.37,64.58,27.68,2.95
Njësia Administrative Nr. 6,1862/01,260,11,3,2,137,98,9,4.23,1.15,0.77,52.69,37.69,3.46
Njësia Administrative Nr. 6,1863/00,274,16,4,2,175,65,12,5.84,1.46,0.73,63.87,23.72,4.38
Njësia Administrative Nr. 6,1863/01,274,16,1,6,192,50,9,5.84,0.36,2.19,70.07,18.25,3.28
Njësia Administrative Nr. 6,1864/00,250,9,2,1,182,49,7,3.6,0.8,0.4,72.8,19.6,2.8
Njësia Administrative Nr. 6,1864/01,275,6,0,0,211,53,5,2.18,0.0,0.0,76.73,19.27,1.82
Njësia Administrative Nr. 6,1865/00,221,2,0,1,125,86,7,0.9,0.0,0.45,56.56,38.91,3.17
Njësia Administrative Nr. 6,1865/01,210,4,3,0,141,57,5,1.9,1.43,0.0,67.14,27.14,2.38
Njësia Administrative Nr. 6,1866/00,316,10,4,1,201,89,11,3.16,1.27,0.32,63.61,28.16,3.48
Njësia Administrative Nr. 6,1866/01,361,13,8,2,193,135,10,3.6,2.22,0.55,53.46,37.4,2.77
Njësia Administrative Nr. 6,1866/02,376,18,7,0,216,127,8,4.79,1.86,0.0,57.45,33.78,2.13
Njësia Administrative Nr. 6,1867/00,378,19,1,0,178,179,1,5.03,0.26,0.0,47.09,47.35,0.26
Njësia Administrative Nr. 6,1867/01,331,16,3,4,119,172,17,4.83,0.91,1.21,35.95,51.96,5.14
Njësia Administrative Nr. 6,1867/02,350,13,5,2,223,99,8,3.71,1.43,0.57,63.71,28.29,2.29
Njësia Administrative Nr. 6,1868/00,321,7,0,1,229,80,4,2.18,0.0,0.31,71.34,24.92,1.25
Njësia Administrative Nr. 6,1868/01,268,4,6,0,163,85,10,1.49,2.24,0.0,60.82,31.72,3.73
Njësia Administrative Nr. 6,1869/00,333,6,0,1,227,79,20,1.8,0.0,0.3,68.17,23.72,6.01
Njësia Administrative Nr. 6,1869/01,319,13,0,0,209,96,1,4.08,0.0,0.0,65.52,30.09,0.31
Njësia Administrative Nr. 6,1870/00,412,11,8,4,248,124,17,2.67,1.94,0.97,60.19,30.1,4.13
Njësia Administrative Nr. 6,1870/01,450,9,8,4,304,109,16,2.0,1.78,0.89,67.56,24.22,3.56
Njësia Administrative Nr. 6,1871/00,328,10,7,2,210,93,6,3.05,2.13,0.61,64.02,28.35,1.83
Njësia Administrative Nr. 6,1871/01,339,14,4,0,202,116,3,4.13,1.18,0.0,59.59,34.22,0.88
Njësia Administrative Nr. 6,1871/02,333,17,4,3,232,71,6,5.11,1.2,0.9,69.67,21.32,1.8
Njësia Administrative Nr. 6,1872/00,362,14,2,1,222,111,12,3.87,0.55,0.28,61.33,30.66,3.31
Njësia Administrative Nr. 6,1872/01,358,17,4,2,223,94,18,4.75,1.12,0.56,62.29,26.26,5.03
Njësia Administrative Nr. 6,1873/00,244,6,4,0,151,72,11,2.46,1.64,0.0,61.89,29.51,4.51
Njësia Administrative Nr. 6,1873/01,233,10,0,1,145,68,9,4.29,0.0,0.43,62.23,29.18,3.86
Njësia Administrative Nr. 6,1873/02,222,8,3,2,123,80,6,3.6,1.35,0.9,55.41,36.04,2.7
Njësia Administrative Nr. 6,1874/00,288,9,0,0,170,107,2,3.12,0.0,0.0,59.03,37.15,0.69
Njësia Administrative Nr. 6,1874/01,281,14,5,0,155,96,11,4.98,1.78,0.0,55.16,34.16,3.91
Njësia Administrative Nr. 6,1874/02,315,9,3,1,193,97,12,2.86,0.95,0.32,61.27,30.79,3.81
Njësia Administrative Nr. 6,1874/03,357,5,0,2,236,100,14,1.4,0.0,0.56,66.11,28.01,3.92
Njësia Administrative Nr. 6,1875/00,394,4,2,0,259,109,20,1.02,0.51,0.0,65.74,27.66,5.08
Njësia Administrative Nr. 6,1875/01,337,13,1,0,187,127,9,3.86,0.3,0.0,55.49,37.69,2.67
Njësia Administrative Nr. 6,1875/02,321,12,0,4,169,120,16,3.74,0.0,1.25,52.65,37.38,4.98
Njësia Administrative Nr. 6,1875/03,369,13,5,0,217,116,18,3.52,1.36,0.0,58.81,31.44,4.88
Njësia Administrative Nr. 6,1875/04,377,15,4,3,229,109,17,3.98,1.06,0.8,60.74,28.91,4.51
Njësia Administrative Nr. 6,1875/05,377,18,6,1,237,106,9,4.77,1.59,0.27,62.86,28.12,2.39
Njësia Administrative Nr. 6,1876/00,395,10,9,1,277,87,11,2.53,2.28,0.25,70.13,22.03,2.78
Njësia Administrative Nr. 6,1876/01,362,9,3,2,249,88,11,2.49,0.83,0.55,68.78,24.31,3.04
Njësia Administrative Nr. 6,1876/02,367,5,3,0,236,109,14,1.36,0.82,0.0,64.31,29.7,3.81
Njësia Administrative Nr. 6,1877/00,315,12,1,3,179,110,10,3.81,0.32,0.95,56.83,34.92,3.17
Njësia Administrative Nr. 6,1877/01,248,4,2,1,122,105,14,1.61,0.81,0.4,49.19,42.34,5.65
Njësia Administrative Nr. 6,1877/02,258,8,4,0,114,116,16,3.1,1.55,0.0,44.19,44.96,6.2
Njësia Administrative Nr. 6,1878/00,275,8,3,2,145,106,11,2.91,1.09,0.73,52.73,38.55,4.0
Njësia Administrative Nr. 6,1878/01,247,7,10,1,140,75,14,2.83,4.05,0.4,56.68,30.36,5.67
Njësia Administrative Nr. 6,1879/00,286,10,2,1,152,105,16,3.5,0.7,0.35,53.15,36.71,5.59
Njësia Administrative Nr. 6,1879/01,357,13,3,0,219,109,13,3.64,0.84,0.0,61.34,30.53,3.64
Njësia Administrative Nr. 6,1879/02,308,29,2,1,185,78,13,9.42,0.65,0.32,60.06,25.32,4.22
Njësia Administrative Nr. 6,1879/03,277,12,5,1,165,82,12,4.33,1.81,0.36,59.57,29.6,4.33
Njësia Administrative Nr. 6,1880/00,221,8,2,0,109,88,14,3.62,0.9,0.0,49.32,39.82,6.33
Njësia Administrative Nr. 6,1880/01,285,9,2,4,141,113,16,3.16,0.7,1.4,49.47,39.65,5.61
Njësia Administrative Nr. 6,1880/02,299,14,1,1,177,93,13,4.68,0.33,0.33,59.2,31.1,4.35
Njësia Administrative Nr. 6,1880/03,260,15,4,1,135,90,15,5.77,1.54,0.38,51.92,34.62,5.77
Njësia Administrative Nr. 6,1881/00,440,13,5,1,140,261,20,2.95,1.14,0.23,31.82,59.32,4.55
Njësia Administrative Nr. 6,1881/01,406,18,0,2,131,241,14,4.43,0.0,0.49,32.27,59.36,3.45
Njësia Administrative Nr. 6,1881/02,408,20,2,3,185,185,13,4.9,0.49,0.74,45.34,45.34,3.19
Njësia Administrative Nr. 7,1882/00,329,17,2,0,156,125,29,5.17,0.61,0.0,47.42,37.99,8.81
Njësia Administrative Nr. 7,1882/01,302,8,5,2,149,125,13,2.65,1.66,0.66,49.34,41.39,4.3
Njësia Administrative Nr. 7,1882/02,311,7,6,2,127,160,9,2.25,1.93,0.64,40.84,51.45,2.89
Njësia Administrative Nr. 7,1883/00,222,9,1,2,95,112,3,4.05,0.45,0.9,42.79,50.45,1.35
Njësia Administrative Nr. 7,1883/01,235,12,1,3,100,114,5,5.11,0.43,1.28,42.55,48.51,2.13
Njësia Administrative Nr. 7,1885/00,410,18,0,4,258,109,21,4.39,0.0,0.98,62.93,26.59,5.12
Njësia Administrative Nr. 7,1885/01,331,14,2,2,179,114,20,4.23,0.6,0.6,54.08,34.44,6.04
Njësia Administrative Nr. 7,1885/02,333,21,2,5,192,100,13,6.31,0.6,1.5,57.66,30.03,3.9
Njësia Administrative Nr. 7,1886/00,334,9,1,0,165,150,9,2.69,0.3,0.0,49.4,44.91,2.69
Njësia Administrative Nr. 7,1886/01,332,17,1,2,161,127,24,5.12,0.3,0.6,48.49,38.25,7.23
Njësia Administrative Nr. 7,1886/02,384,16,0,3,178,168,19,4.17,0.0,0.78,46.35,43.75,4.95
Njësia Administrative Nr. 7,1887/00,362,29,2,3,151,155,22,8.01,0.55,0.83,41.71,42.82,6.08
Njësia Administrative Nr. 7,1887/01,324,12,6,3,159,126,18,3.7,1.85,0.93,49.07,38.89,5.56
Njësia Administrative Nr. 7,1887/02,369,16,1,3,187,133,29,4.34,0.27,0.81,50.68,36.04,7.86
Njësia Administrative Nr. 7,1888/00,435,20,1,0,218,182,14,4.6,0.23,0.0,50.11,41.84,3.22
Njësia Administrative Nr. 7,1888/01,424,22,3,2,226,157,14,5.19,0.71,0.47,53.3,37.03,3.3
Njësia Administrative Nr. 7,1888/02,420,35,4,2,167,192,20,8.33,0.95,0.48,39.76,45.71,4.76
Njësia Administrative Nr. 7,1889/00,293,16,0,3,157,90,27,5.46,0.0,1.02,53.58,30.72,9.22
Njësia Administrative Nr. 7,1889/01,260,18,3,5,117,99,18,6.92,1.15,1.92,45.0,38.08,6.92
Njësia Administrative Nr. 7,1890/00,422,35,3,4,194,164,22,8.29,0.71,0.95,45.97,38.86,5.21
Njësia Administrative Nr. 7,1890/01,415,34,0,0,227,131,23,8.19,0.0,0.0,54.7,31.57,5.54
Njësia Administrative Nr. 7,1890/02,580,59,2,7,262,222,28,10.17,0.34,1.21,45.17,38.28,4.83
Njësia Administrative Nr. 7,1891/00,293,17,1,1,171,93,10,5.8,0.34,0.34,58.36,31.74,3.41
Njësia Administrative Nr. 7,1891/01,318,21,0,2,175,101,19,6.6,0.0,0.63,55.03,31.76,5.97
Njësia Administrative Nr. 7,1892/00,329,24,2,1,160,132,10,7.29,0.61,0.3,48.63,40.12,3.04
Njësia Administrative Nr. 7,1893/00,331,21,4,2,173,120,11,6.34,1.21,0.6,52.27,36.25,3.32
Njësia Administrative Nr. 7,1894/00,216,12,1,0,121,62,20,5.56,0.46,0.0,56.02,28.7,9.26
Njësia Administrative Nr. 7,1894/01,185,13,1,1,92,70,8,7.03,0.54,0.54,49.73,37.84,4.32
Njësia Administrative Nr. 7,1895/00,252,12,1,0,155,73,11,4.76,0.4,0.0,61.51,28.97,4.37
Njësia Administrative Nr. 7,1895/01,301,16,1,1,168,100,15,5.32,0.33,0.33,55.81,33.22,4.98
Njësia Administrative Nr. 7,1896/00,213,15,1,2,136,51,8,7.04,0.47,0.94,63.85,23.94,3.76
Njësia Administrative Nr. 7,1896/01,243,19,0,2,106,97,19,7.82,0.0,0.82,43.62,39.92,7.82
Njësia Administrative Nr. 7,1897/00,247,9,0,6,143,83,6,3.64,0.0,2.43,57.89,33.6,2.43
Njësia Administrative Nr. 7,1898/00,232,12,0,1,124,81,14,5.17,0.0,0.43,53.45,34.91,6.03
Njësia Administrative Nr. 7,1898/01,262,15,0,3,116,119,9,5.73,0.0,1.15,44.27,45.42,3.44
Njësia Administrative Nr. 7,1899/00,249,19,1,1,143,79,6,7.63,0.4,0.4,57.43,31.73,2.41
Njësia Administrative Nr. 7,1899/01,281,14,2,1,144,102,18,4.98,0.71,0.36,51.25,36.3,6.41
Njësia Administrative Nr. 7,1900/00,415,36,0,8,204,146,21,8.67,0.0,1.93,49.16,35.18,5.06
Njësia Administrative Nr. 7,1900/01,423,40,2,4,215,143,19,9.46,0.47,0.95,50.83,33.81,4.49
Njësia Administrative Nr. 7,1900/02,412,37,1,0,259,94,21,8.98,0.24,0.0,62.86,22.82,5.1
Njësia Administrative Nr. 7,1900/03,381,40,2,4,199,117,19,10.5,0.52,1.05,52.23,30.71,4.99
Njësia Administrative Nr. 7,1900/04,349,19,0,3,170,141,16,5.44,0.0,0.86,48.71,40.4,4.58
Njësia Administrative Nr. 7,1901/00,229,10,0,2,126,79,12,4.37,0.0,0.87,55.02,34.5,5.24
Njësia Administrative Nr. 7,1901/01,241,12,0,0,135,72,22,4.98,0.0,0.0,56.02,29.88,9.13
Njësia Administrative Nr. 7,1902/00,268,16,0,1,130,113,8,5.97,0.0,0.37,48.51,42.16,2.99
Njësia Administrative Nr. 7,1902/01,355,26,0,3,185,122,19,7.32,0.0,0.85,52.11,34.37,5.35
Njësia Administrative Nr. 7,1902/02,376,25,0,2,205,128,16,6.65,0.0,0.53,54.52,34.04,4.26
Njësia Administrative Nr. 7,1903/00,166,9,2,2,88,57,8,5.42,1.2,1.2,53.01,34.34,4.82
Njësia Administrative Nr. 7,1903/01,149,8,1,0,83,50,7,5.37,0.67,0.0,55.7,33.56,4.7
Njësia Administrative Nr. 7,1904/00,300,28,1,6,125,132,8,9.33,0.33,2.0,41.67,44.0,2.67
Njësia Administrative Nr. 7,1905/00,198,12,3,1,78,97,7,6.06,1.52,0.51,39.39,48.99,3.54
Njësia Administrative Nr. 7,1905/01,248,12,2,4,144,72,14,4.84,0.81,1.61,58.06,29.03,5.65
Njësia Administrative Nr. 7,1906/00,250,17,1,3,114,94,21,6.8,0.4,1.2,45.6,37.6,8.4
Njësia Administrative Nr. 7,1906/01,274,22,2,2,115,120,13,8.03,0.73,0.73,41.97,43.8,4.74
Njësia Administrative Nr. 7,1907/00,227,3,1,0,104,108,11,1.32,0.44,0.0,45.81,47.58,4.85
Njësia Administrative Nr. 7,1907/01,256,14,0,0,131,103,8,5.47,0.0,0.0,51.17,40.23,3.12
Njësia Administrative Nr. 7,1908/00,211,9,0,1,110,85,6,4.27,0.0,0.47,52.13,40.28,2.84
Njësia Administrative Nr. 7,1909/00,415,26,1,3,202,169,14,6.27,0.24,0.72,48.67,40.72,3.37
Njësia Administrative Nr. 7,1909/01,420,29,3,5,216,140,27,6.9,0.71,1.19,51.43,33.33,6.43
Njësia Administrative Nr. 7,1910/00,194,10,0,2,107,67,8,5.15,0.0,1.03,55.15,34.54,4.12
Njësia Administrative Nr. 7,1910/01,251,22,2,2,103,105,17,8.76,0.8,0.8,41.04,41.83,6.77
Njësia Administrative Nr. 7,1911/00,218,5,1,2,122,80,8,2.29,0.46,0.92,55.96,36.7,3.67
Njësia Administrative Nr. 7,1911/01,268,11,0,2,155,91,9,4.1,0.0,0.75,57.84,33.96,3.36
Njësia Administrative Nr. 7,1912/00,327,28,1,4,178,98,18,8.56,0.31,1.22,54.43,29.97,5.5
Njësia Administrative Nr. 7,1912/01,443,25,4,7,215,166,26,5.64,0.9,1.58,48.53,37.47,5.87
Njësia Administrative Nr. 7,1912/02,324,19,1,4,184,104,12,5.86,0.31,1.23,56.79,32.1,3.7
Njësia Administrative Nr. 7,1913/00,234,18,1,5,109,81,20,7.69,0.43,2.14,46.58,34.62,8.55
Njësia Administrative Nr. 7,1914/00,236,13,2,3,135,73,10,5.51,0.85,1.27,57.2,30.93,4.24
Njësia Administrative Nr. 7,1914/01,208,18,0,0,107,76,7,8.65,0.0,0.0,51.44,36.54,3.37
Njësia Administrative Nr. 7,1915/00,174,7,1,0,75,78,13,4.02,0.57,0.0,43.1,44.83,7.47
Njësia Administrative Nr. 7,1915/01,270,17,2,0,128,104,19,6.3,0.74,0.0,47.41,38.52,7.04
Njësia Administrative Nr. 7,1916/00,190,10,1,0,93,78,8,5.26,0.53,0.0,48.95,41.05,4.21
Njësia Administrative Nr. 7,1916/01,206,11,1,0,111,69,14,5.34,0.49,0.0,53.88,33.5,6.8
Njësia Administrative Nr. 7,1918/00,361,20,4,2,186,131,18,5.54,1.11,0.55,51.52,36.29,4.99
Njësia Administrative Nr. 7,1918/01,376,20,5,3,190,142,16,5.32,1.33,0.8,50.53,37.77,4.26
Njësia Administrative Nr. 7,1918/02,355,19,3,6,170,143,14,5.35,0.85,1.69,47.89,40.28,3.94
Njësia Administrative Nr. 7,1918/03,380,15,1,3,190,155,16,3.95,0.26,0.79,50.0,40.79,4.21
Njësia Administrative Nr. 7,1918/04,351,27,5,9,163,131,16,7.69,1.42,2.56,46.44,37.32,4.56
Njësia Administrative Nr. 7,1919/00,336,20,1,2,163,136,14,5.95,0.3,0.6,48.51,40.48,4.17
Njësia Administrative Nr. 7,1919/01,367,16,2,0,220,111,18,4.36,0.54,0.0,59.95,30.25,4.9
Njësia Administrative Nr. 7,1919/02,338,21,3,1,163,134,16,6.21,0.89,0.3,48.22,39.64,4.73
Njësia Administrative Nr. 7,1920/00,268,19,1,0,76,155,17,7.09,0.37,0.0,28.36,57.84,6.34
Njësia Administrative Nr. 7,1920/01,318,18,3,2,120,157,18,5.66,0.94,0.63,37.74,49.37,5.66
Njësia Administrative Nr. 7,1920/02,342,15,2,2,142,168,13,4.39,0.58,0.58,41.52,49.12,3.8
Njësia Administrative Nr. 8,1921/00,274,13,4,2,115,124,16,4.74,1.46,0.73,41.97,45.26,5.84
Njësia Administrative Nr. 8,1921/01,235,14,0,1,124,81,15,5.96,0.0,0.43,52.77,34.47,6.38
Njësia Administrative Nr. 8,1922/00,240,10,0,4,95,108,23,4.17,0.0,1.67,39.58,45.0,9.58
Njësia Administrative Nr. 8,1922/01,234,12,2,3,129,78,10,5.13,0.85,1.28,55.13,33.33,4.27
Njësia Administrative Nr. 8,1923/00,356,21,1,1,158,147,28,5.9,0.28,0.28,44.38,41.29,7.87
Njësia Administrative Nr. 8,1923/01,348,23,3,0,157,146,19,6.61,0.86,0.0,45.11,41.95,5.46
Njësia Administrative Nr. 8,1924/00,129,4,0,0,76,41,8,3.1,0.0,0.0,58.91,31.78,6.2
Njësia Administrative Nr. 8,1925/00,254,15,0,2,139,85,13,5.91,0.0,0.79,54.72,33.46,5.12
Njësia Administrative Nr. 8,1925/01,256,19,1,0,106,115,15,7.42,0.39,0.0,41.41,44.92,5.86
Njësia Administrative Nr. 8,1926/00,330,15,1,4,208,88,14,4.55,0.3,1.21,63.03,26.67,4.24
Njësia Administrative Nr. 8,1926/01,349,21,1,5,144,148,30,6.02,0.29,1.43,41.26,42.41,8.6
Njësia Administrative Nr. 8,1927/00,323,25,1,2,145,128,22,7.74,0.31,0.62,44.89,39.63,6.81
Njësia Administrative Nr. 8,1927/01,281,5,1,0,147,120,8,1.78,0.36,0.0,52.31,42.7,2.85
Njësia Administrative Nr. 8,1927/02,296,19,0,5,145,106,21,6.42,0.0,1.69,48.99,35.81,7.09
Njësia Administrative Nr. 8,1928/00,270,13,0,0,129,111,17,4.81,0.0,0.0,47.78,41.11,6.3
Njësia Administrative Nr. 8,1928/01,287,5,1,2,135,128,16,1.74,0.35,0.7,47.04,44.6,5.57
Njësia Administrative Nr. 8,1929/00,365,19,1,4,193,118,30,5.21,0.27,1.1,52.88,32.33,8.22
Njësia Administrative Nr. 8,1930/00,230,15,1,2,121,64,27,6.52,0.43,0.87,52.61,27.83,11.74
Njësia Administrative Nr. 8,1930/01,243,7,4,2,123,88,19,2.88,1.65,0.82,50.62,36.21,7.82
Njësia Administrative Nr. 8,1931/00,271,18,1,3,120,101,28,6.64,0.37,1.11,44.28,37.27,10.33
Njësia Administrative Nr. 8,1932/00,208,9,1,4,105,80,9,4.33,0.48,1.92,50.48,38.46,4.33
Njësia Administrative Nr. 8,1932/01,241,7,2,4,112,107,9,2.9,0.83,1.66,46.47,44.4,3.73
Njësia Administrative Nr. 8,1933/00,320,18,1,3,139,147,12,5.62,0.31,0.94,43.44,45.94,3.75
Njësia Administrative Nr. 8,1933/01,341,15,1,3,208,102,12,4.4,0.29,0.88,61.0,29.91,3.52
Njësia Administrative Nr. 8,1934/00,247,8,2,6,122,92,17,3.24,0.81,2.43,49.39,37.25,6.88
Njësia Administrative Nr. 8,1935/00,251,9,2,3,116,104,17,3.59,0.8,1.2,46.22,41.43,6.77
Njësia Administrative Nr. 8,1935/01,225,17,2,3,129,64,10,7.56,0.89,1.33,57.33,28.44,4.44
Njësia Administrative Nr. 8,1936/00,182,10,2,0,106,59,5,5.49,1.1,0.0,58.24,32.42,2.75
Njësia Administrative Nr. 8,1936/01,208,9,0,2,130,58,9,4.33,0.0,0.96,62.5,27.88,4.33
Njësia Administrative Nr. 8,1937/00,244,7,1,3,120,107,6,2.87,0.41,1.23,49.18,43.85,2.46
Njësia Administrative Nr. 8,1937/01,261,8,4,2,130,106,11,3.07,1.53,0.77,49.81,40.61,4.21
Njësia Administrative Nr. 8,1938/00,256,18,1,2,128,99,8,7.03,0.39,0.78,50.0,38.67,3.12
Njësia Administrative Nr. 8,1938/01,160,7,0,0,61,77,15,4.38,0.0,0.0,38.12,48.12,9.38
Njësia Administrative Nr. 8,1939/00,253,12,0,3,147,86,5,4.74,0.0,1.19,58.1,33.99,1.98
Njësia Administrative Nr. 8,1939/01,214,9,0,1,103,90,11,4.21,0.0,0.47,48.13,42.06,5.14
Njësia Administrative Nr. 8,1940/00,200,6,3,1,101,74,15,3.0,1.5,0.5,50.5,37.0,7.5
Njësia Administrative Nr. 8,1940/01,223,7,0,1,103,94,18,3.14,0.0,0.45,46.19,42.15,8.07
Njësia Administrative Nr. 8,1941/00,169,4,0,1,105,51,8,2.37,0.0,0.59,62.13,30.18,4.73
Njësia Administrative Nr. 8,1941/01,185,10,1,1,108,54,11,5.41,0.54,0.54,58.38,29.19,5.95
Njësia Administrative Nr. 8,1942/00,251,3,4,1,131,95,17,1.2,1.59,0.4,52.19,37.85,6.77
Njësia Administrative Nr. 8,1942/01,217,11,2,2,58,131,13,5.07,0.92,0.92,26.73,60.37,5.99
Njësia Administrative Nr. 8,1942/02,246,11,1,0,91,130,13,4.47,0.41,0.0,36.99,52.85,5.28
Njësia Administrative Nr. 8,1943/00,362,12,2,0,183,148,17,3.31,0.55,0.0,50.55,40.88,4.7
Njësia Administrative Nr. 8,1943/01,380,19,2,2,205,138,14,5.0,0.53,0.53,53.95,36.32,3.68
Njësia Administrative Nr. 8,1944/00,293,13,3,0,146,120,11,4.44,1.02,0.0,49.83,40.96,3.75
Njësia Administrative Nr. 8,1944/01,328,9,3,1,155,149,11,2.74,0.91,0.3,47.26,45.43,3.35
Njësia Administrative Nr. 8,1944/02,303,17,6,1,140,115,24,5.61,1.98,0.33,46.2,37.95,7.92
Njësia Administrative Nr. 8,1944/03,323,10,3,2,138,149,21,3.1,0.93,0.62,42.72,46.13,6.5
Njësia Administrative Nr. 8,1945/00,317,8,0,1,75,204,29,2.52,0.0,0.32,23.66,64.35,9.15
Njësia Administrative Nr. 8,1945/01,292,11,5,1,95,157,23,3.77,1.71,0.34,32.53,53.77,7.88
Njësia Administrative Nr. 8,1946/00,167,10,2,4,72,69,10,5.99,1.2,2.4,43.11,41.32,5.99
Njësia Administrative Nr. 9,1947/00,301,19,1,4,181,79,17,6.31,0.33,1.33,60.13,26.25,5.65
Njësia Administrative Nr. 9,1947/01,263,20,0,4,129,94,16,7.6,0.0,1.52,49.05,35.74,6.08
Njësia Administrative Nr. 9,1948/00,342,22,1,8,150,146,15,6.43,0.29,2.34,43.86,42.69,4.39
Njësia Administrative Nr. 9,1948/01,302,22,3,2,137,122,16,7.28,0.99,0.66,45.36,40.4,5.3
Njësia Administrative Nr. 9,1949/00,335,16,2,1,165,136,15,4.78,0.6,0.3,49.25,40.6,4.48
Njësia Administrative Nr. 9,1949/01,354,13,1,4,224,102,10,3.67,0.28,1.13,63.28,28.81,2.82
Njësia Administrative Nr. 9,1950/00,427,26,1,6,225,147,22,6.09,0.23,1.41,52.69,34.43,5.15
Njësia Administrative Nr. 9,1951/00,282,8,1,1,166,101,5,2.84,0.35,0.35,58.87,35.82,1.77
Njësia Administrative Nr. 9,1951/01,279,15,0,7,150,97,10,5.38,0.0,2.51,53.76,34.77,3.58
Njësia Administrative Nr. 9,1952/00,238,8,2,2,141,80,5,3.36,0.84,0.84,59.24,33.61,2.1
Njësia Administrative Nr. 9,1952/01,160,14,0,1,86,55,4,8.75,0.0,0.62,53.75,34.38,2.5
Njësia Administrative Nr. 9,1953/00,307,13,3,4,139,140,8,4.23,0.98,1.3,45.28,45.6,2.61
Njësia Administrative Nr. 9,1953/01,252,11,0,2,131,102,6,4.37,0.0,0.79,51.98,40.48,2.38
Njësia Administrative Nr. 9,1954/00,270,14,2,1,143,99,11,5.19,0.74,0.37,52.96,36.67,4.07
Njësia Administrative Nr. 9,1954/01,298,14,4,6,140,120,14,4.7,1.34,2.01,46.98,40.27,4.7
Njësia Administrative Nr. 9,1955/00,263,18,0,1,160,72,12,6.84,0.0,0.38,60.84,27.38,4.56
Njësia Administrative Nr. 9,1955/01,218,9,1,1,131,69,7,4.13,0.46,0.46,60.09,31.65,3.21
Njësia Administrative Nr. 9,1955/02,288,18,0,4,175,80,11,6.25,0.0,1.39,60.76,27.78,3.82
Njësia Administrative Nr. 9,1956/00,225,11,0,0,137,74,3,4.89,0.0,0.0,60.89,32.89,1.33
Njësia Administrative Nr. 9,1956/01,282,18,3,1,152,96,12,6.38,1.06,0.35,53.9,34.04,4.26
Njësia Administrative Nr. 9,1957/00,398,17,1,3,175,183,19,4.27,0.25,0.75,43.97,45.98,4.77
Njësia Administrative Nr. 9,1957/01,352,24,7,1,176,132,12,6.82,1.99,0.28,50.0,37.5,3.41
Njësia Administrative Nr. 9,1957/02,395,26,1,1,191,164,12,6.58,0.25,0.25,48.35,41.52,3.04
Njësia Administrative Nr. 9,1958/00,347,19,1,3,176,130,18,5.48,0.29,0.86,50.72,37.46,5.19
Njësia Administrative Nr. 9,1958/01,366,13,3,2,175,159,14,3.55,0.82,0.55,47.81,43.44,3.83
Njësia Administrative Nr. 9,1959/00,410,13,5,3,193,171,25,3.17,1.22,0.73,47.07,41.71,6.1
Njësia Administrative Nr. 9,1959/01,378,16,3,4,145,174,36,4.23,0.79,1.06,38.36,46.03,9.52
Njësia Administrative Nr. 9,1959/02,371,15,4,2,120,207,23,4.04,1.08,0.54,32.35,55.8,6.2
Njësia Administrative Nr. 9,1960/00,348,21,2,4,156,144,21,6.03,0.57,1.15,44.83,41.38,6.03
Njësia Administrative Nr. 9,1960/01,368,22,0,2,193,133,18,5.98,0.0,0.54,52.45,36.14,4.89
Njësia Administrative Nr. 9,1960/02,362,18,3,1,195,125,20,4.97,0.83,0.28,53.87,34.53,5.52
Njësia Administrative Nr. 9,1960/03,328,19,3,1,166,127,12,5.79,0.91,0.3,50.61,38.72,3.66
Njësia Administrative Nr. 9,1961/00,305,17,2,2,167,104,13,5.57,0.66,0.66,54.75,34.1,4.26
Njësia Administrative Nr. 9,1961/01,267,13,1,2,152,88,11,4.87,0.37,0.75,56.93,32.96,4.12
Njësia Administrative Nr. 9,1961/02,293,14,3,0,148,114,14,4.78,1.02,0.0,50.51,38.91,4.78
Njësia Administrative Nr. 9,1962/00,292,15,2,6,158,93,18,5.14,0.68,2.05,54.11,31.85,6.16
Njësia Administrative Nr. 9,1962/01,353,20,7,1,218,94,13,5.67,1.98,0.28,61.76,26.63,3.68
Njësia Administrative Nr. 9,1962/02,319,24,1,4,152,122,16,7.52,0.31,1.25,47.65,38.24,5.02
Njësia Administrative Nr. 9,1963/00,407,16,0,4,219,148,20,3.93,0.0,0.98,53.81,36.36,4.91
Njësia Administrative Nr. 9,1963/01,420,19,2,2,171,194,32,4.52,0.48,0.48,40.71,46.19,7.62
Njësia Administrative Nr. 9,1963/02,399,17,3,6,170,188,15,4.26,0.75,1.5,42.61,47.12,3.76
Njësia Administrative Nr. 9,1963/03,417,14,0,1,184,201,17,3.36,0.0,0.24,44.12,48.2,4.08
Njësia Administrative Nr. 9,1963/04,402,27,2,1,175,179,18,6.72,0.5,0.25,43.53,44.53,4.48
Njësia Administrative Nr. 9,1963/05,420,31,3,2,209,162,13,7.38,0.71,0.48,49.76,38.57,3.1
Njësia Administrative Nr. 9,1964/00,280,14,3,4,142,107,10,5.0,1.07,1.43,50.71,38.21,3.57
Njësia Administrative Nr. 9,1964/01,218,14,2,0,113,81,8,6.42,0.92,0.0,51.83,37.16,3.67
Njësia Administrative Nr. 9,1965/00,320,16,2,1,180,113,8,5.0,0.62,0.31,56.25,35.31,2.5
Njësia Administrative Nr. 9,1965/01,309,10,3,1,155,128,12,3.24,0.97,0.32,50.16,41.42,3.88
Njësia Administrative Nr. 9,1966/00,282,17,1,1,184,69,10,6.03,0.35,0.35,65.25,24.47,3.55
Njësia Administrative Nr. 9,1966/01,301,21,1,8,171,87,13,6.98,0.33,2.66,56.81,28.9,4.32
Njësia Administrative Nr. 9,1966/02,267,9,1,1,123,116,17,3.37,0.37,0.37,46.07,43.45,6.37
Njësia Administrative Nr. 9,1967/00,111,4,1,2,58,40,6,3.6,0.9,1.8,52.25,36.04,5.41
Njësia Administrative Nr. 9,1967/01,249,6,10,0,185,41,7,2.41,4.02,0.0,74.3,16.47,2.81
Njësia Administrative Nr. 9,1968/00,326,20,1,6,173,116,10,6.13,0.31,1.84,53.07,35.58,3.07
Njësia Administrative Nr. 9,1968/01,282,21,1,0,131,122,7,7.45,0.35,0.0,46.45,43.26,2.48
Njësia Administrative Nr. 9,1969/00,323,27,1,7,153,120,15,8.36,0.31,2.17,47.37,37.15,4.64
Njësia Administrative Nr. 9,1970/00,306,14,3,0,181,101,7,4.58,0.98,0.0,59.15,33.01,2.29
Njësia Administrative Nr. 9,1970/01,286,15,0,2,167,91,11,5.24,0.0,0.7,58.39,31.82,3.85
Njësia Administrative Nr. 9,1971/00,212,11,1,1,117,78,4,5.19,0.47,0.47,55.19,36.79,1.89
Njësia Administrative Nr. 9,1971/01,226,21,0,1,100,94,10,9.29,0.0,0.44,44.25,41.59,4.42
Njësia Administrative Nr. 9,1972/00,356,6,4,1,191,135,19,1.69,1.12,0.28,53.65,37.92,5.34
Njësia Administrative Nr. 9,1973/00,345,14,3,2,174,137,15,4.06,0.87,0.58,50.43,39.71,4.35
Njësia Administrative Nr. 9,1974/00,184,9,1,2,100,64,8,4.89,0.54,1.09,54.35,34.78,4.35
Njësia Administrative Nr. 9,1974/01,231,12,3,2,106,104,4,5.19,1.3,0.87,45.89,45.02,1.73
Njësia Administrative Nr. 9,1975/00,201,18,1,2,113,56,11,8.96,0.5,1.0,56.22,27.86,5.47
Njësia Administrative Nr. 9,1975/01,254,11,3,0,147,74,19,4.33,1.18,0.0,57.87,29.13,7.48
Njësia Administrative Nr. 9,1976/00,295,10,6,2,149,118,10,3.39,2.03,0.68,50.51,40.0,3.39
Njësia Administrative Nr. 9,1976/01,218,11,2,0,117,72,16,5.05,0.92,0.0,53.67,33.03,7.34
Njësia Administrative Nr. 9,1977/00,363,12,5,2,183,153,8,3.31,1.38,0.55,50.41,42.15,2.2
Njësia Administrative Nr. 9,1977/01,345,14,4,1,169,144,13,4.06,1.16,0.29,48.99,41.74,3.77
Njësia Administrative Nr. 9,1977/02,461,20,1,1,232,175,32,4.34,0.22,0.22,50.33,37.96,6.94
Njësia Administrative Nr. 9,1977/03,427,31,1,7,139,234,15,7.26,0.23,1.64,32.55,54.8,3.51
Njësia Administrative Nr. 10,1979/00,397,23,2,6,180,173,13,5.79,0.5,1.51,45.34,43.58,3.27
Njësia Administrative Nr. 10,1980/00,253,19,0,0,147,78,9,7.51,0.0,0.0,58.1,30.83,3.56
Njësia Administrative Nr. 10,1980/01,240,10,0,2,135,81,12,4.17,0.0,0.83,56.25,33.75,5.0
Njësia Administrative Nr. 10,1981/00,210,12,0,4,109,83,2,5.71,0.0,1.9,51.9,39.52,0.95
Njësia Administrative Nr. 10,1981/01,286,12,0,3,143,116,12,4.2,0.0,1.05,50.0,40.56,4.2
Njësia Administrative Nr. 10,1982/00,255,6,1,2,129,113,4,2.35,0.39,0.78,50.59,44.31,1.57
Njësia Administrative Nr. 10,1982/01,315,16,2,4,158,125,10,5.08,0.63,1.27,50.16,39.68,3.17
Njësia Administrative Nr. 10,1983/00,458,32,6,4,225,174,17,6.99,1.31,0.87,49.13,37.99,3.71
Njësia Administrative Nr. 10,1984/00,366,20,2,7,194,135,8,5.46,0.55,1.91,53.01,36.89,2.19
Njësia Administrative Nr. 10,1985/00,398,24,2,5,227,129,11,6.03,0.5,1.26,57.04,32.41,2.76
Njësia Administrative Nr. 10,1986/00,360,21,1,0,156,167,15,5.83,0.28,0.0,43.33,46.39,4.17
Njësia Administrative Nr. 10,1986/01,353,15,0,6,188,132,12,4.25,0.0,1.7,53.26,37.39,3.4
Njësia Administrative Nr. 10,1987/00,346,18,1,3,155,155,14,5.2,0.29,0.87,44.8,44.8,4.05
Njësia Administrative Nr. 10,1987/01,407,23,3,2,214,152,13,5.65,0.74,0.49,52.58,37.35,3.19
Njësia Administrative Nr. 10,1987/02,390,21,3,4,195,148,19,5.38,0.77,1.03,50.0,37.95,4.87
Njësia Administrative Nr. 10,1987/03,365,12,3,1,184,145,20,3.29,0.82,0.27,50.41,39.73,5.48
Njësia Administrative Nr. 10,1989/00,203,3,1,2,111,72,14,1.48,0.49,0.99,54.68,35.47,6.9
Njësia Administrative Nr. 10,1989/01,252,10,0,0,114,117,11,3.97,0.0,0.0,45.24,46.43,4.37
Njësia Administrative Nr. 10,1990/00,306,18,3,5,156,117,7,5.88,0.98,1.63,50.98,38.24,2.29
Njësia Administrative Nr. 10,1991/00,407,25,0,1,209,153,19,6.14,0.0,0.25,51.35,37.59,4.67
Njësia Administrative Nr. 10,1992/00,279,26,1,3,146,92,11,9.32,0.36,1.08,52.33,32.97,3.94
Njësia Administrative Nr. 10,1992/01,301,18,1,2,147,122,11,5.98,0.33,0.66,48.84,40.53,3.65
Njësia Administrative Nr. 10,1993/00,302,14,1,1,190,86,10,4.64,0.33,0.33,62.91,28.48,3.31
Njësia Administrative Nr. 10,1994/00,256,17,2,2,150,78,7,6.64,0.78,0.78,58.59,30.47,2.73
Njësia Administrative Nr. 10,1994/01,308,13,2,1,164,122,6,4.22,0.65,0.32,53.25,39.61,1.95
Njësia Administrative Nr. 10,1995/00,294,12,0,2,182,87,11,4.08,0.0,0.68,61.9,29.59,3.74
Njësia Administrative Nr. 10,1996/00,267,14,0,3,148,100,2,5.24,0.0,1.12,55.43,37.45,0.75
Njësia Administrative Nr. 10,1996/01,301,22,0,1,173,93,12,7.31,0.0,0.33,57.48,30.9,3.99
Njësia Administrative Nr. 10,1998/00,337,11,2,9,180,127,8,3.26,0.59,2.67,53.41,37.69,2.37
Njësia Administrative Nr. 10,1999/00,244,11,2,2,143,71,15,4.51,0.82,0.82,58.61,29.1,6.15
Njësia Administrative Nr. 10,1999/01,221,11,0,0,121,83,6,4.98,0.0,0.0,54.75,37.56,2.71
Njësia Administrative Nr. 11,2000/00,336,15,1,1,182,124,13,4.46,0.3,0.3,54.17,36.9,3.87
Njësia Administrative Nr. 11,2000/01,303,12,2,4,158,118,9,3.96,0.66,1.32,52.15,38.94,2.97
Njësia Administrative Nr. 11,2001/00,187,3,0,0,106,69,9,1.6,0.0,0.0,56.68,36.9,4.81
Njësia Administrative Nr. 11,2001/01,208,17,0,0,104,68,19,8.17,0.0,0.0,50.0,32.69,9.13
Njësia Administrative Nr. 11,2002/00,242,12,1,1,142,75,11,4.96,0.41,0.41,58.68,30.99,4.55
Njësia Administrative Nr. 11,2002/01,233,10,1,3,130,75,14,4.29,0.43,1.29,55.79,32.19,6.01
Njësia Administrative Nr. 11,2002/02,224,11,5,1,114,80,13,4.91,2.23,0.45,50.89,35.71,5.8
Njësia Administrative Nr. 11,2003/00,245,10,1,3,112,103,16,4.08,0.41,1.22,45.71,42.04,6.53
Njësia Administrative Nr. 11,2003/01,299,10,7,3,141,120,18,3.34,2.34,1.0,47.16,40.13,6.02
Njësia Administrative Nr. 11,2003/02,327,17,2,2,164,121,21,5.2,0.61,0.61,50.15,37.0,6.42
Njësia Administrative Nr. 11,2004/00,388,22,3,1,214,128,20,5.67,0.77,0.26,55.15,32.99,5.15
Njësia Administrative Nr. 11,2004/01,474,19,3,1,222,205,24,4.01,0.63,0.21,46.84,43.25,5.06
Njësia Administrative Nr. 11,2004/02,422,20,3,2,210,158,29,4.74,0.71,0.47,49.76,37.44,6.87
Njësia Administrative Nr. 11,2005/00,298,13,3,2,125,132,23,4.36,1.01,0.67,41.95,44.3,7.72
Njësia Administrative Nr. 11,2005/01,290,7,0,2,150,117,14,2.41,0.0,0.69,51.72,40.34,4.83
Njësia Administrative Nr. 11,2005/02,305,7,1,2,179,109,7,2.3,0.33,0.66,58.69,35.74,2.3
Njësia Administrative Nr. 11,2006/00,104,1,0,0,48,50,5,0.96,0.0,0.0,46.15,48.08,4.81
Njësia Administrative Nr. 11,2007/00,398,10,1,3,230,141,13,2.51,0.25,0.75,57.79,35.43,3.27
Njësia Administrative Nr. 11,2008/00,268,11,3,5,150,88,11,4.1,1.12,1.87,55.97,32.84,4.1
Njësia Administrative Nr. 11,2008/01,296,13,0,1,177,95,10,4.39,0.0,0.34,59.8,32.09,3.38
Njësia Administrative Nr. 11,2009/00,277,4,6,1,98,150,18,1.44,2.17,0.36,35.38,54.15,6.5
Njësia Administrative Nr. 11,2009/01,323,9,3,3,123,166,19,2.79,0.93,0.93,38.08,51.39,5.88
Njësia Administrative Nr. 11,2010/00,269,12,5,1,121,119,11,4.46,1.86,0.37,44.98,44.24,4.09
Njësia Administrative Nr. 11,2010/01,262,15,1,1,138,96,11,5.73,0.38,0.38,52.67,36.64,4.2
Njësia Administrative Nr. 11,2011/00,380,15,8,4,196,138,19,3.95,2.11,1.05,51.58,36.32,5.0
Njësia Administrative Nr. 11,2011/01,334,11,7,1,158,136,21,3.29,2.1,0.3,47.31,40.72,6.29
Njësia Administrative Nr. 11,2012/00,304,8,3,1,129,136,27,2.63,0.99,0.33,42.43,44.74,8.88
Njësia Administrative Nr. 11,2012/01,359,8,7,0,163,159,22,2.23,1.95,0.0,45.4,44.29,6.13
Njësia Administrative Nr. 11,2013/00,231,9,1,3,129,76,13,3.9,0.43,1.3,55.84,32.9,5.63
Njësia Administrative Nr. 11,2013/01,253,7,1,6,132,91,16,2.77,0.4,2.37,52.17,35.97,6.32
Njësia Administrative Nr. 11,2014/00,284,12,0,2,131,126,13,4.23,0.0,0.7,46.13,44.37,4.58
Njësia Administrative Nr. 11,2014/01,356,23,1,1,155,159,17,6.46,0.28,0.28,43.54,44.66,4.78
Njësia Administrative Nr. 11,2014/02,335,20,4,8,153,136,14,5.97,1.19,2.39,45.67,40.6,4.18
Njësia Administrative Nr. 11,2015/00,223,20,2,1,107,86,7,8.97,0.9,0.45,47.98,38.57,3.14
Njësia Administrative Nr. 11,2015/01,262,10,1,0,121,115,15,3.82,0.38,0.0,46.18,43.89,5.73
Njësia Administrative Nr. 11,2016/00,344,9,1,2,145,161,26,2.62,0.29,0.58,42.15,46.8,7.56
Njësia Administrative Nr. 11,2016/01,397,15,5,2,176,184,15,3.78,1.26,0.5,44.33,46.35,3.78
Njësia Administrative Nr. 11,2017/00,301,16,1,1,125,145,13,5.32,0.33,0.33,41.53,48.17,4.32
Njësia Administrative Nr. 11,2017/01,273,19,4,0,121,118,11,6.96,1.47,0.0,44.32,43.22,4.03
Njësia Administrative Nr. 11,2017/02,276,5,4,0,129,124,14,1.81,1.45,0.0,46.74,44.93,5.07
Njësia Administrative Nr. 11,2018/00,241,11,2,1,123,96,8,4.56,0.83,0.41,51.04,39.83,3.32
Njësia Administrative Nr. 11,2018/01,229,6,1,1,83,134,4,2.62,0.44,0.44,36.24,58.52,1.75
Njësia Administrative Nr. 11,2019/00,269,12,3,0,154,89,11,4.46,1.12,0.0,57.25,33.09,4.09
Njësia Administrative Nr. 11,2019/01,235,14,4,1,151,56,9,5.96,1.7,0.43,64.26,23.83,3.83
Njësia Administrative Nr. 11,2020/00,296,11,8,0,189,81,7,3.72,2.7,0.0,63.85,27.36,2.36
Njësia Administrative Nr. 11,2020/01,334,10,3,2,210,99,10,2.99,0.9,0.6,62.87,29.64,2.99
Njësia Administrative Nr. 11,2021/00,373,16,2,1,186,149,19,4.29,0.54,0.27,49.87,39.95,5.09
Njësia Administrative Nr. 11,2021/01,388,9,4,4,199,163,9,2.32,1.03,1.03,51.29,42.01,2.32
Njësia Administrative Nr. 11,2022/00,201,11,3,0,123,55,9,5.47,1.49,0.0,61.19,27.36,4.48
Njësia Administrative Nr. 11,2022/01,175,3,0,1,123,46,2,1.71,0.0,0.57,70.29,26.29,1.14
Njësia Administrative Nr. 11,2023/00,241,8,3,3,131,86,10,3.32,1.24,1.24,54.36,35.68,4.15
Njësia Administrative Nr. 11,2023/01,236,17,3,2,123,84,7,7.2,1.27,0.85,52.12,35.59,2.97
Njësia Administrative Nr. 11,2024/00,280,7,4,2,168,87,12,2.5,1.43,0.71,60.0,31.07,4.29
Njësia Administrative Nr. 11,2024/01,271,10,1,1,166,82,11,3.69,0.37,0.37,61.25,30.26,4.06
Njësia Administrative Nr. 11,2025/00,303,5,5,2,171,97,23,1.65,1.65,0.66,56.44,32.01,7.59
Njësia Administrative Nr. 11,2025/01,288,5,4,0,153,116,10,1.74,1.39,0.0,53.12,40.28,3.47
Njësia Administrative Nr. 11,2026/00,327,9,4,1,174,130,9,2.75,1.22,0.31,53.21,39.76,2.75
Njësia Administrative Nr. 11,2027/00,252,4,8,2,198,29,11,1.59,3.17,0.79,78.57,11.51,4.37
Njësia Administrative Nr. 11,2027/01,196,9,1,3,137,39,7,4.59,0.51,1.53,69.9,19.9,3.57
Njësia Administrative Nr. 11,2028/00,192,6,1,1,96,76,12,3.12,0.52,0.52,50.0,39.58,6.25
Njësia Administrative Nr. 11,2028/01,185,7,0,0,93,73,12,3.78,0.0,0.0,50.27,39.46,6.49
Njësia Administrative Nr. 11,2029/00,262,9,3,0,162,73,15,3.44,1.15,0.0,61.83,27.86,5.73
Njësia Administrative Nr. 11,2029/01,225,7,4,1,124,77,12,3.11,1.78,0.44,55.11,34.22,5.33
Njësia Administrative Nr. 11,2030/00,141,4,1,2,43,82,9,2.84,0.71,1.42,30.5,58.16,6.38
Njësia Administrative Nr. 11,2030/01,93,3,1,0,34,53,2,3.23,1.08,0.0,36.56,56.99,2.15
Njësia Administrative Nr. 11,2031/00,304,24,3,0,119,146,12,7.89,0.99,0.0,39.14,48.03,3.95
Njësia Administrative Nr. 11,2032/00,320,10,5,2,218,69,16,3.12,1.56,0.62,68.12,21.56,5.0
Njësia Administrative Nr. 11,2032/01,261,8,4,1,169,72,7,3.07,1.53,0.38,64.75,27.59,2.68
