id,coordinates,total,Koalicioni Partia Demokratike - Aleanca për Shqipërinë Madhështore (votes),Lëvizja Bashkë (votes),Lëvizja Atdheu (votes),Partia Koalicioni Euroatlantik (votes),Partia Socialiste e Shqipërisë (votes),Koalicioni Nisma Shqipëria Bëhet (votes),Partia Aleanca Kombëtare Shqiptare (votes),Partia Aleanca Demokracia e Re (votes),Koalicioni Djathtas për Zhvillim (votes),Partia Mundësia (votes),Partia Socialdemokrate (votes),Koalicioni Partia Demokratike - Aleanca për Shqipërinë Madhështore (%),Lëvizja Bashkë (%),Lëvizja Atdheu (%),Partia Koalicioni Euroatlantik (%),Partia Socialiste e Shqipërisë (%),Koalicioni Nisma Shqipëria Bëhet (%),Partia Aleanca Kombëtare Shqiptare (%),Partia Aleanca Demokracia e Re (%),Koalicioni Djathtas për Zhvillim (%),Partia Mundësia (%),Partia Socialdemokrate (%)
1,"41.349075556228485,19.744852484429643",632,226,4,1,16,348,10,0,0,0,16,11,35.76,0.63,0.16,2.53,55.06,1.58,0.0,0.0,0.0,2.53,1.74
2,"41.31712098674056,19.788979160315268",561,176,10,0,10,320,12,1,0,1,19,12,31.37,1.78,0.0,1.78,57.04,2.14,0.18,0.0,0.18,3.39,2.14
3,"41.35017241324126,19.86288566818832",10176,3191,370,28,130,4840,423,28,8,43,634,481,31.36,3.64,0.28,1.28,47.56,4.16,0.28,0.08,0.42,6.23,4.73
4,"41.33217435197746,19.817187783531875",1046,558,11,0,20,397,17,0,1,1,21,20,53.35,1.05,0.0,1.91,37.95,1.63,0.0,0.1,0.1,2.01,1.91
5,"41.32651076668575,19.81167074305652",3319,1150,130,9,57,1528,107,3,2,24,242,67,34.65,3.92,0.27,1.72,46.04,3.22,0.09,0.06,0.72,7.29,2.02
6,"41.338106425573905,19.79829868538484",724,226,26,2,13,366,21,4,0,2,45,19,31.22,3.59,0.28,1.8,50.55,2.9,0.55,0.0,0.28,6.22,2.62
7,"41.34132480887542,20.070668930347278",296,69,0,0,1,150,4,1,0,0,0,71,23.31,0.0,0.0,0.34,50.68,1.35,0.34,0.0,0.0,0.0,23.99
8,"41.32884918719742,19.82849422400696",1806,607,78,2,36,815,66,4,5,14,128,51,33.61,4.32,0.11,1.99,45.13,3.65,0.22,0.28,0.78,7.09,2.82
9,"41.35390260467086,19.851023297885952",343,109,8,0,3,171,4,0,2,0,15,31,31.78,2.33,0.0,0.87,49.85,1.17,0.0,0.58,0.0,4.37,9.04
10,"41.31301176033844,19.765597883531026",547,170,12,1,10,282,32,0,0,1,19,20,31.08,2.19,0.18,1.83,51.55,5.85,0.0,0.0,0.18,3.47,3.66
11,"41.334263354754654,19.85974345469594",478,73,9,1,6,278,16,0,0,0,12,83,15.27,1.88,0.21,1.26,58.16,3.35,0.0,0.0,0.0,2.51,17.36
12,"41.21775548997649,19.969805138534674",241,29,7,0,5,169,10,0,0,1,6,14,12.03,2.9,0.0,2.07,70.12,4.15,0.0,0.0,0.41,2.49,5.81
13,"41.326608207977685,19.797783397023345",2564,772,108,4,53,1240,127,11,4,11,155,79,30.11,4.21,0.16,2.07,48.36,4.95,0.43,0.16,0.43,6.05,3.08
14,"41.35033334285198,19.826784514221533",1546,668,28,2,17,614,44,0,2,5,99,67,43.21,1.81,0.13,1.1,39.72,2.85,0.0,0.13,0.32,6.4,4.33
15,"41.31950066929056,19.832505868186924",3413,1342,104,3,51,1477,124,11,1,15,199,86,39.32,3.05,0.09,1.49,43.28,3.63,0.32,0.03,0.44,5.83,2.52
16,"41.34090208811277,19.786910400729276",818,400,24,2,25,285,29,0,0,0,42,11,48.9,2.93,0.24,3.06,34.84,3.55,0.0,0.0,0.0,5.13,1.34
17,"41.33128204632195,19.831134479236173",2051,723,84,2,49,870,70,10,2,15,174,52,35.25,4.1,0.1,2.39,42.42,3.41,0.49,0.1,0.73,8.48,2.54
18,"41.32187057621054,19.825309300728446",504,186,24,0,12,220,4,1,1,8,38,10,36.9,4.76,0.0,2.38,43.65,0.79,0.2,0.2,1.59,7.54,1.98
19,"41.33120488716527,19.83938366210645",434,117,9,2,1,218,7,2,1,1,21,55,26.96,2.07,0.46,0.23,50.23,1.61,0.46,0.23,0.23,4.84,12.67
20,"41.338551926729686,19.80597513564625",2957,1045,94,5,48,1328,117,8,7,16,207,82,35.34,3.18,0.17,1.62,44.91,3.96,0.27,0.24,0.54,7.0,2.77
21,"41.34117166960108,19.79432177004055",1075,472,19,0,25,457,22,1,2,1,36,40,43.91,1.77,0.0,2.33,42.51,2.05,0.09,0.19,0.09,3.35,3.72
22,"41.33116460549364,19.839330017925963",4068,1215,129,7,83,1906,151,21,6,23,223,304,29.87,3.17,0.17,2.04,46.85,3.71,0.52,0.15,0.57,5.48,7.47
23,"41.34895838672484,19.84059473262672",869,400,12,0,24,351,27,0,0,2,26,27,46.03,1.38,0.0,2.76,40.39,3.11,0.0,0.0,0.23,2.99,3.11
24,"41.3374230386394,19.832760639351672",701,232,12,3,10,362,10,0,1,3,35,33,33.1,1.71,0.43,1.43,51.64,1.43,0.0,0.14,0.43,4.99,4.71
25,"41.323770700582074,19.809674043543293",1489,441,67,1,23,707,61,1,6,8,125,49,29.62,4.5,0.07,1.54,47.48,4.1,0.07,0.4,0.54,8.39,3.29
26,"41.331108211111506,19.83929783141767",1817,613,78,2,16,759,80,6,0,7,148,108,33.74,4.29,0.11,0.88,41.77,4.4,0.33,0.0,0.39,8.15,5.94
27,"41.33830086106026,19.80199644440151",713,296,19,1,14,295,21,2,0,2,45,18,41.51,2.66,0.14,1.96,41.37,2.95,0.28,0.0,0.28,6.31,2.52
28,"41.322755648811345,19.80028634543204",3871,1184,170,2,41,1825,165,13,3,22,351,95,30.59,4.39,0.05,1.06,47.15,4.26,0.34,0.08,0.57,9.07,2.45
29,"41.319423847595694,19.79690693194013",894,315,38,1,10,428,33,0,2,2,51,14,35.23,4.25,0.11,1.12,47.87,3.69,0.0,0.22,0.22,5.7,1.57
30,"41.35979637310057,19.77795258215786",724,200,16,0,20,374,24,2,0,0,37,51,27.62,2.21,0.0,2.76,51.66,3.31,0.28,0.0,0.0,5.11,7.04
31,"41.3456666623681,19.835946368188115",1089,475,21,2,14,455,43,1,0,2,42,34,43.62,1.93,0.18,1.29,41.78,3.95,0.09,0.0,0.18,3.86,3.12
32,"41.3448777563064,19.83710701236862",527,135,12,1,7,304,23,0,0,2,23,20,25.62,2.28,0.19,1.33,57.69,4.36,0.0,0.0,0.38,4.36,3.8
33,"41.317333597947886,19.815618277792545",2143,598,105,5,34,1026,86,13,0,31,168,77,27.9,4.9,0.23,1.59,47.88,4.01,0.61,0.0,1.45,7.84,3.59
34,"41.324011344907525,19.83139381236762",3209,1041,142,4,45,1506,130,1,13,33,213,81,32.44,4.43,0.12,1.4,46.93,4.05,0.03,0.41,1.03,6.64,2.52
35,"41.335042093872964,19.819909853731474",1050,370,28,0,18,522,27,4,0,9,57,15,35.24,2.67,0.0,1.71,49.71,2.57,0.38,0.0,0.86,5.43,1.43
36,"41.31955620929523,19.85711291813247",939,349,39,1,12,418,26,3,4,7,52,28,37.17,4.15,0.11,1.28,44.52,2.77,0.32,0.43,0.75,5.54,2.98
37,"41.321926978588486,19.825159097023086",677,203,37,2,11,350,19,0,0,7,44,4,29.99,5.47,0.3,1.62,51.7,2.81,0.0,0.0,1.03,6.5,0.59
38,"41.32207807819627,19.829843197023063",1621,488,98,7,39,819,45,6,0,19,85,15,30.1,6.05,0.43,2.41,50.52,2.78,0.37,0.0,1.17,5.24,0.93
39,"41.32494774224665,19.83098272771209",738,191,50,0,1,404,19,3,0,4,50,16,25.88,6.78,0.0,0.14,54.74,2.57,0.41,0.0,0.54,6.78,2.17
40,"41.33921613467219,19.781812259635448",319,144,9,0,6,120,13,1,0,0,18,8,45.14,2.82,0.0,1.88,37.62,4.08,0.31,0.0,0.0,5.64,2.51
41,"41.32468518574623,19.815966656548134",1967,641,59,8,28,1013,56,7,1,13,99,42,32.59,3.0,0.41,1.42,51.5,2.85,0.36,0.05,0.66,5.03,2.14
42,"41.346154270169016,19.83814584305742",517,177,14,1,18,240,19,0,0,5,19,24,34.24,2.71,0.19,3.48,46.42,3.68,0.0,0.0,0.97,3.68,4.64
43,"41.316906449745346,19.802416583531173",7258,2117,294,10,108,3661,303,15,31,41,558,120,29.17,4.05,0.14,1.49,50.44,4.17,0.21,0.43,0.56,7.69,1.65
44,"41.34611076126924,19.783146870040845",777,373,6,0,8,315,21,0,1,1,39,13,48.01,0.77,0.0,1.03,40.54,2.7,0.0,0.13,0.13,5.02,1.67
45,"41.32862571786568,19.802051070040104",1094,390,39,0,18,517,37,4,0,5,62,22,35.65,3.56,0.0,1.65,47.26,3.38,0.37,0.0,0.46,5.67,2.01
46,"41.33309480066657,19.81890499702362",1308,419,64,3,22,623,34,0,1,23,90,29,32.03,4.89,0.23,1.68,47.63,2.6,0.0,0.08,1.76,6.88,2.22
47,"41.34816463085902,19.836698717210528",375,106,8,0,4,192,10,0,1,1,20,33,28.27,2.13,0.0,1.07,51.2,2.67,0.0,0.27,0.27,5.33,8.8
48,"41.30090693267829,19.86492381236657",782,426,6,1,10,271,14,2,0,7,24,21,54.48,0.77,0.13,1.28,34.65,1.79,0.26,0.0,0.9,3.07,2.69
49,"41.319831999548335,19.8163724835313",799,247,27,0,15,389,21,10,0,4,62,24,30.91,3.38,0.0,1.88,48.69,2.63,1.25,0.0,0.5,7.76,3.0
50,"41.324772156906214,19.803370156548183",615,225,33,0,10,240,23,4,0,3,66,11,36.59,5.37,0.0,1.63,39.02,3.74,0.65,0.0,0.49,10.73,1.79
51,"41.1807142182885,19.838200760246945",285,73,15,0,8,165,13,0,0,0,11,0,25.61,5.26,0.0,2.81,57.89,4.56,0.0,0.0,0.0,3.86,0.0
52,"41.322441619816274,19.825045714220217",715,303,20,0,10,307,17,1,0,8,37,12,42.38,2.8,0.0,1.4,42.94,2.38,0.14,0.0,1.12,5.17,1.68
53,"41.32697933797586,19.77118629702335",1153,284,56,2,15,605,69,2,0,6,87,27,24.63,4.86,0.17,1.3,52.47,5.98,0.17,0.0,0.52,7.55,2.34
54,"41.339565888098704,19.844689744909804",2253,635,52,4,31,1152,98,7,0,6,117,151,28.18,2.31,0.18,1.38,51.13,4.35,0.31,0.0,0.27,5.19,6.7
55,"41.33437493913056,19.822003340681217",621,199,25,2,5,310,18,2,1,6,39,14,32.05,4.03,0.32,0.81,49.92,2.9,0.32,0.16,0.97,6.28,2.25
56,"41.312040623750136,19.76938885767417",263,90,7,1,2,128,11,1,0,0,16,7,34.22,2.66,0.38,0.76,48.67,4.18,0.38,0.0,0.0,6.08,2.66
57,"41.34959089879318,19.844615327742112",273,98,4,0,5,124,5,2,0,0,12,23,35.9,1.47,0.0,1.83,45.42,1.83,0.73,0.0,0.0,4.4,8.42
58,"41.316825133705066,19.813177660253146",2730,795,126,7,36,1368,104,7,2,17,208,60,29.12,4.62,0.26,1.32,50.11,3.81,0.26,0.07,0.62,7.62,2.2
59,"41.33358677255007,19.865740170040258",2588,902,43,2,35,1251,66,4,4,6,107,168,34.85,1.66,0.08,1.35,48.34,2.55,0.15,0.15,0.23,4.13,6.49
60,"41.223677141057394,19.83603570198673",379,150,0,0,0,211,0,0,0,0,5,13,39.58,0.0,0.0,0.0,55.67,0.0,0.0,0.0,0.0,1.32,3.43
61,"41.32101853529158,19.804774900990008",2422,728,105,8,15,1211,94,12,6,12,184,47,30.06,4.34,0.33,0.62,50.0,3.88,0.5,0.25,0.5,7.6,1.94
62,"41.32747134279008,19.802770614763094",6132,1979,270,17,127,2796,211,17,3,33,510,169,32.27,4.4,0.28,2.07,45.6,3.44,0.28,0.05,0.54,8.32,2.76
63,"41.32818901059106,19.825107373888127",1466,459,55,2,17,718,53,3,8,22,100,29,31.31,3.75,0.14,1.16,48.98,3.62,0.2,0.55,1.5,6.82,1.98
64,"41.34236009112237,19.832905358663115",491,159,8,0,14,245,18,3,0,1,28,15,32.38,1.63,0.0,2.85,49.9,3.67,0.61,0.0,0.2,5.7,3.05
65,"41.33591727689404,19.78837149887641",3240,1298,105,8,64,1312,141,11,9,13,191,88,40.06,3.24,0.25,1.98,40.49,4.35,0.34,0.28,0.4,5.9,2.72
66,"41.334263354754654,19.860344269517373",1873,630,40,5,17,956,59,4,0,5,57,100,33.64,2.14,0.27,0.91,51.04,3.15,0.21,0.0,0.27,3.04,5.34
67,"41.32183114879802,19.739184265811357",292,99,7,1,16,135,4,0,0,1,11,18,33.9,2.4,0.34,5.48,46.23,1.37,0.0,0.0,0.34,3.77,6.16
68,"41.32097323537548,19.812088582485494",3310,1009,167,8,40,1635,104,12,7,38,237,53,30.48,5.05,0.24,1.21,49.4,3.14,0.36,0.21,1.15,7.16,1.6
69,"41.328532121354826,19.83242639279516",242,75,13,0,5,116,8,0,0,2,9,14,30.99,5.37,0.0,2.07,47.93,3.31,0.0,0.0,0.83,3.72,5.79
70,"41.32507285598724,19.808648412367674",1255,437,49,8,23,556,45,8,3,4,87,35,34.82,3.9,0.64,1.83,44.3,3.59,0.64,0.24,0.32,6.93,2.79
71,"41.39721878280215,19.776331354902506",1150,459,13,0,23,590,26,0,5,2,22,10,39.91,1.13,0.0,2.0,51.3,2.26,0.0,0.43,0.17,1.91,0.87
72,"41.30285995972829,19.843815966844556",2804,822,59,2,83,1582,78,5,0,6,90,77,29.32,2.1,0.07,2.96,56.42,2.78,0.18,0.0,0.21,3.21,2.75
73,"41.32011629534405,19.79358740763239",950,300,39,2,13,485,35,1,0,5,44,26,31.58,4.11,0.21,1.37,51.05,3.68,0.11,0.0,0.53,4.63,2.74
74,"41.34834220647953,19.746991270294053",688,247,9,2,18,346,21,3,0,1,28,13,35.9,1.31,0.29,2.62,50.29,3.05,0.44,0.0,0.15,4.07,1.89
75,"41.27770038213241,19.717422068301534",1165,323,19,2,174,567,21,1,0,1,30,27,27.73,1.63,0.17,14.94,48.67,1.8,0.09,0.0,0.09,2.58,2.32
76,"41.34636796063283,19.823399967665246",2312,1015,42,5,130,847,80,3,6,2,110,72,43.9,1.82,0.22,5.62,36.63,3.46,0.13,0.26,0.09,4.76,3.11
77,"41.31305069463401,19.766161365811012",1373,355,24,2,16,811,41,5,1,3,70,45,25.86,1.75,0.15,1.17,59.07,2.99,0.36,0.07,0.22,5.1,3.28
78,"41.32033985969746,19.783092929564553",2154,547,69,1,29,1247,74,13,0,7,136,31,25.39,3.2,0.05,1.35,57.89,3.44,0.6,0.0,0.32,6.31,1.44
79,"41.312795796136044,19.808949346890262",4806,1385,225,11,63,2306,227,12,2,22,417,136,28.82,4.68,0.23,1.31,47.98,4.72,0.25,0.04,0.46,8.68,2.83
80,"41.23567798460245,19.928179092446694",521,61,8,0,21,379,14,1,1,2,9,25,11.71,1.54,0.0,4.03,72.74,2.69,0.19,0.19,0.38,1.73,4.8
81,"41.33959005398761,19.84483994861516",582,175,27,0,8,285,15,1,0,2,22,47,30.07,4.64,0.0,1.37,48.97,2.58,0.17,0.0,0.34,3.78,8.08
82,"41.31724898421072,19.81635796025321",1014,288,62,0,14,497,35,5,7,4,79,23,28.4,6.11,0.0,1.38,49.01,3.45,0.49,0.69,0.39,7.79,2.27
83,"41.32987727960411,19.81103919462909",2125,614,73,4,92,1062,62,5,1,19,151,42,28.89,3.44,0.19,4.33,49.98,2.92,0.24,0.05,0.89,7.11,1.98
84,"41.33258013519522,19.806406975278836",1210,380,43,2,16,617,30,3,0,14,72,33,31.4,3.55,0.17,1.32,50.99,2.48,0.25,0.0,1.16,5.95,2.73
85,"41.26679219297633,19.793910648825666",247,59,2,0,5,155,4,0,0,0,4,18,23.89,0.81,0.0,2.02,62.75,1.62,0.0,0.0,0.0,1.62,7.29
86,"41.313191935595576,19.771594598875453",623,176,16,1,3,353,21,3,0,1,38,11,28.25,2.57,0.16,0.48,56.66,3.37,0.48,0.0,0.16,6.1,1.77
87,"41.331180718165285,19.839362204434256",539,196,18,1,4,225,19,1,3,5,29,38,36.36,3.34,0.19,0.74,41.74,3.53,0.19,0.56,0.93,5.38,7.05
88,"41.32413647644151,19.797176620676442",649,325,13,1,12,253,14,1,0,3,14,13,50.08,2.0,0.15,1.85,38.98,2.16,0.15,0.0,0.46,2.16,2.0
89,"41.336440140898205,19.830599627712594",530,167,11,3,60,228,13,5,0,2,23,18,31.51,2.08,0.57,11.32,43.02,2.45,0.94,0.0,0.38,4.34,3.4
90,"41.32350820125961,19.81002889300483",537,159,21,1,9,290,11,1,0,3,32,10,29.61,3.91,0.19,1.68,54.0,2.05,0.19,0.0,0.56,5.96,1.86
91,"41.314893763379494,19.770751181678435",1785,615,41,4,29,897,56,8,1,6,88,40,34.45,2.3,0.22,1.62,50.25,3.14,0.45,0.06,0.34,4.93,2.24
92,"41.312955350245154,19.765544239350543",1325,491,16,2,19,667,43,5,1,4,52,25,37.06,1.21,0.15,1.43,50.34,3.25,0.38,0.08,0.3,3.92,1.89
93,"41.357977544074046,19.762228012369164",1279,466,22,3,45,629,39,1,0,2,45,27,36.43,1.72,0.23,3.52,49.18,3.05,0.08,0.0,0.16,3.52,2.11
94,"41.318833839343235,19.796730709991778",1320,417,58,3,13,650,44,4,1,8,101,21,31.59,4.39,0.23,0.98,49.24,3.33,0.3,0.08,0.61,7.65,1.59
95,"41.36327671792997,19.7886488502026",599,191,15,0,12,316,5,0,1,0,38,21,31.89,2.5,0.0,2.0,52.75,0.83,0.0,0.17,0.0,6.34,3.51
96,"41.36172053620369,19.770611143741124",617,362,5,0,8,189,14,1,1,0,24,13,58.67,0.81,0.0,1.3,30.63,2.27,0.16,0.16,0.0,3.89,2.11
97,"41.338305048999665,19.802039633263778",2386,933,81,3,42,994,75,7,6,14,167,64,39.1,3.39,0.13,1.76,41.66,3.14,0.29,0.25,0.59,7.0,2.68
98,"41.340488519975494,19.834999750467873",1303,462,40,3,49,579,39,10,1,9,79,32,35.46,3.07,0.23,3.76,44.44,2.99,0.77,0.08,0.69,6.06,2.46
99,"41.33903975444982,19.89435202028567",776,280,12,2,25,337,12,2,1,1,17,87,36.08,1.55,0.26,3.22,43.43,1.55,0.26,0.13,0.13,2.19,11.21
100,"41.33948533507095,19.84462537189322",1252,401,36,0,27,581,64,2,2,5,71,63,32.03,2.88,0.0,2.16,46.41,5.11,0.16,0.16,0.4,5.67,5.03
101,"41.32755995035617,19.829657108139482",540,165,17,0,5,278,23,2,1,5,27,17,30.56,3.15,0.0,0.93,51.48,4.26,0.37,0.19,0.93,5.0,3.15
102,"41.31931251667821,19.790898121630864",1116,371,37,1,15,547,38,3,0,5,69,30,33.24,3.32,0.09,1.34,49.01,3.41,0.27,0.0,0.45,6.18,2.69
103,"41.33073515980906,19.82496349071045",2024,697,77,4,51,901,74,7,3,23,143,44,34.44,3.8,0.2,2.52,44.52,3.66,0.35,0.15,1.14,7.07,2.17
104,"41.337977918824734,19.798305825764512",1007,372,27,2,21,447,34,2,3,8,58,33,36.94,2.68,0.2,2.09,44.39,3.38,0.2,0.3,0.79,5.76,3.28
105,"41.3484865866919,19.83397017856977",559,139,13,1,6,335,15,3,1,0,31,15,24.87,2.33,0.18,1.07,59.93,2.68,0.54,0.18,0.0,5.55,2.68
106,"41.32191086362835,19.825384402581125",901,225,56,0,18,470,35,1,1,6,72,17,24.97,6.22,0.0,2.0,52.16,3.88,0.11,0.11,0.67,7.99,1.89
107,"41.333575536221126,19.80178993141777",2456,828,102,2,36,1075,118,8,5,18,197,67,33.71,4.15,0.08,1.47,43.77,4.8,0.33,0.2,0.73,8.02,2.73
108,"41.34512136284131,19.844740765812503",1192,444,30,1,14,519,44,2,0,5,77,56,37.25,2.52,0.08,1.17,43.54,3.69,0.17,0.0,0.42,6.46,4.7
109,"41.34617037913275,19.83811365654913",1493,469,52,2,42,746,56,4,6,2,73,41,31.41,3.48,0.13,2.81,49.97,3.75,0.27,0.4,0.13,4.89,2.75
110,"41.32202070351083,19.837045650467076",3125,1192,101,10,24,1364,137,7,6,18,187,79,38.14,3.23,0.32,0.77,43.65,4.38,0.22,0.19,0.58,5.98,2.53
111,"41.33099579130202,19.80311461977865",1470,493,52,6,64,681,34,10,1,8,74,47,33.54,3.54,0.41,4.35,46.33,2.31,0.68,0.07,0.54,5.03,3.2
112,"41.33825540331634,19.763678873222858",1860,640,52,5,25,918,73,6,3,7,94,37,34.41,2.8,0.27,1.34,49.35,3.92,0.32,0.16,0.38,5.05,1.99
113,"41.32813475217495,19.805767700275844",1322,416,58,2,23,619,44,12,1,6,93,48,31.47,4.39,0.15,1.74,46.82,3.33,0.91,0.08,0.45,7.03,3.63
114,"41.33743109420173,19.833597488567243",619,202,16,1,8,298,16,3,1,11,46,17,32.63,2.58,0.16,1.29,48.14,2.58,0.48,0.16,1.78,7.43,2.75
115,"41.32757032329639,19.817819621092394",1522,522,53,5,20,734,42,9,2,14,92,29,34.3,3.48,0.33,1.31,48.23,2.76,0.59,0.13,0.92,6.04,1.91
116,"41.334090379858594,19.775563412066457",653,244,8,4,5,342,12,0,1,0,10,27,37.37,1.23,0.61,0.77,52.37,1.84,0.0,0.15,0.0,1.53,4.13
117,"41.30117875226238,19.744037929040687",509,143,11,0,14,298,15,0,0,0,16,12,28.09,2.16,0.0,2.75,58.55,2.95,0.0,0.0,0.0,3.14,2.36
118,"41.32854017801667,19.832598054172713",584,175,14,0,5,298,16,2,0,3,49,22,29.97,2.4,0.0,0.86,51.03,2.74,0.34,0.0,0.51,8.39,3.77
119,"41.33763561557134,19.82640911184526",517,211,16,0,17,220,18,1,2,4,18,10,40.81,3.09,0.0,3.29,42.55,3.48,0.19,0.39,0.77,3.48,1.93
120,"41.33543096870687,19.81143108125148",2433,816,79,6,27,1159,93,6,0,18,161,68,33.54,3.25,0.25,1.11,47.64,3.82,0.25,0.0,0.74,6.62,2.79
121,"41.27074406273193,20.025721422958295",275,51,1,1,3,189,3,0,0,2,6,19,18.55,0.36,0.36,1.09,68.73,1.09,0.0,0.0,0.73,2.18,6.91
122,"41.38484247817358,19.858335271435458",227,68,2,0,3,129,2,0,0,0,8,15,29.96,0.88,0.0,1.32,56.83,0.88,0.0,0.0,0.0,3.52,6.61
123,"41.315051938307676,19.878739306320647",892,298,14,1,7,493,8,4,4,4,21,38,33.41,1.57,0.11,0.78,55.27,0.9,0.45,0.45,0.45,2.35,4.26
124,"41.32577821039008,19.7992890695751",374,119,22,0,7,175,9,0,0,2,24,16,31.82,5.88,0.0,1.87,46.79,2.41,0.0,0.0,0.53,6.42,4.28
125,"41.34555877881297,19.858328768946574",1364,406,36,2,26,689,49,6,3,6,105,36,29.77,2.64,0.15,1.91,50.51,3.59,0.44,0.22,0.44,7.7,2.64
126,"41.389398561803155,19.826942643582345",683,211,5,0,21,406,11,0,2,0,21,6,30.89,0.73,0.0,3.07,59.44,1.61,0.0,0.29,0.0,3.07,0.88
127,"41.324780214033034,19.803724208139386",609,162,30,6,24,316,11,1,0,4,42,13,26.6,4.93,0.99,3.94,51.89,1.81,0.16,0.0,0.66,6.9,2.13
128,"41.317145307317794,19.789384415811192",1093,345,29,2,35,521,38,4,4,4,81,30,31.56,2.65,0.18,3.2,47.67,3.48,0.37,0.37,0.37,7.41,2.74
129,"41.313220372084636,19.883575428478892",443,197,11,0,8,163,18,0,1,6,8,31,44.47,2.48,0.0,1.81,36.79,4.06,0.0,0.23,1.35,1.81,7.0
130,"41.334670154050386,19.822632038828502",1243,509,33,1,36,525,34,4,1,20,65,15,40.95,2.65,0.08,2.9,42.24,2.74,0.32,0.08,1.61,5.23,1.21
131,"41.342408420817534,19.832969731679693",2280,711,62,5,59,1061,123,5,1,11,170,72,31.18,2.72,0.22,2.59,46.54,5.39,0.22,0.04,0.48,7.46,3.16
132,"41.3451938542966,19.844966071370546",2694,772,93,3,53,1300,97,7,4,20,186,159,28.66,3.45,0.11,1.97,48.26,3.6,0.26,0.15,0.74,6.9,5.9
133,"41.429339645502,19.935837289200663",570,55,2,4,153,329,6,0,0,0,0,21,9.65,0.35,0.7,26.84,57.72,1.05,0.0,0.0,0.0,0.0,3.68
134,"41.34591656519974,19.835725962981176",350,107,8,1,5,179,10,0,1,0,19,20,30.57,2.29,0.29,1.43,51.14,2.86,0.0,0.29,0.0,5.43,5.71
135,"41.3455217073308,19.836077799202858",524,148,16,0,7,281,19,3,0,1,36,13,28.24,3.05,0.0,1.34,53.63,3.63,0.57,0.0,0.19,6.87,2.48
136,"41.31998283721227,19.808448363958636",858,290,36,5,9,403,39,1,0,5,55,15,33.8,4.2,0.58,1.05,46.97,4.55,0.12,0.0,0.58,6.41,1.75
137,"41.33425529880057,19.860022404434464",680,166,18,2,4,355,21,4,4,4,30,72,24.41,2.65,0.29,0.59,52.21,3.09,0.59,0.59,0.59,4.41,10.59
138,"41.332448026478744,19.81385531977869",758,250,33,3,6,364,20,5,3,7,43,24,32.98,4.35,0.4,0.79,48.02,2.64,0.66,0.4,0.92,5.67,3.17
139,"41.324961015337955,19.83551007973071",886,285,31,1,7,418,23,3,8,6,75,29,32.17,3.5,0.11,0.79,47.18,2.6,0.34,0.9,0.68,8.47,3.27
140,"41.31708280068425,19.77071085417215",1816,460,45,8,20,1081,77,6,1,4,83,31,25.33,2.48,0.44,1.1,59.53,4.24,0.33,0.06,0.22,4.57,1.71
141,"41.28752276774611,19.83940786329191",899,338,22,1,22,432,16,3,0,1,29,35,37.6,2.45,0.11,2.45,48.05,1.78,0.33,0.0,0.11,3.23,3.89
142,"41.309054762209165,19.810508235604605",1921,571,67,7,43,843,94,6,0,12,163,115,29.72,3.49,0.36,2.24,43.88,4.89,0.31,0.0,0.62,8.49,5.99
143,"41.31333598656486,19.791945277450008",496,148,15,0,4,272,14,5,0,3,28,7,29.84,3.02,0.0,0.81,54.84,2.82,1.01,0.0,0.6,5.65,1.41
144,"41.17336597741886,19.826910027519116",303,128,1,0,11,152,6,0,0,0,2,3,42.24,0.33,0.0,3.63,50.17,1.98,0.0,0.0,0.0,0.66,0.99
145,"41.23975485648147,19.80095265416863",618,185,3,1,25,358,14,2,0,0,7,23,29.94,0.49,0.16,4.05,57.93,2.27,0.32,0.0,0.0,1.13,3.72
146,"41.217690504545494,19.804312057872966",431,116,7,0,11,272,6,1,0,2,6,10,26.91,1.62,0.0,2.55,63.11,1.39,0.23,0.0,0.46,1.39,2.32
147,"41.19663832175177,19.815329936113102",236,101,2,0,0,127,2,0,0,0,3,1,42.8,0.85,0.0,0.0,53.81,0.85,0.0,0.0,0.0,1.27,0.42
148,"41.35262532295459,19.73852936158457",687,190,15,2,10,371,18,1,2,3,31,44,27.66,2.18,0.29,1.46,54.0,2.62,0.15,0.29,0.44,4.51,6.4
149,"41.35230883192286,19.720716373754243",745,262,7,0,27,257,10,0,0,6,14,162,35.17,0.94,0.0,3.62,34.5,1.34,0.0,0.0,0.81,1.88,21.74
150,"41.35706179012245,19.705936449945742",751,236,5,1,3,404,17,2,0,3,13,67,31.42,0.67,0.13,0.4,53.79,2.26,0.27,0.0,0.4,1.73,8.92
151,"41.352783484235644,19.679843937994526",327,110,0,1,4,183,6,2,0,1,4,16,33.64,0.0,0.31,1.22,55.96,1.83,0.61,0.0,0.31,1.22,4.89
152,"41.33692408399639,19.689508654173032",240,91,1,0,2,129,2,0,0,0,6,9,37.92,0.42,0.0,0.83,53.75,0.83,0.0,0.0,0.0,2.5,3.75
153,"41.327026819268106,19.772189920994048",1942,528,77,6,23,1001,99,3,5,7,139,54,27.19,3.96,0.31,1.18,51.54,5.1,0.15,0.26,0.36,7.16,2.78
154,"41.32684492409191,19.77723238274583",11458,3266,468,19,106,5675,653,47,14,35,956,219,28.5,4.08,0.17,0.93,49.53,5.7,0.41,0.12,0.31,8.34,1.91
155,"41.328414130007346,19.770773435434446",2253,641,85,5,27,1108,128,8,3,6,182,60,28.45,3.77,0.22,1.2,49.18,5.68,0.36,0.13,0.27,8.08,2.66
156,"41.34895630838528,19.76662028115696",2607,1092,73,4,40,993,110,8,5,3,174,105,41.89,2.8,0.15,1.53,38.09,4.22,0.31,0.19,0.12,6.67,4.03
157,"41.3524908694751,19.73887502163233",381,112,6,0,8,203,19,0,0,2,14,17,29.4,1.57,0.0,2.1,53.28,4.99,0.0,0.0,0.52,3.67,4.46
158,"41.26432294284553,19.652756710077988",432,152,7,5,14,224,7,0,0,4,8,11,35.19,1.62,1.16,3.24,51.85,1.62,0.0,0.0,0.93,1.85,2.55
159,"41.29001350897786,19.70695800871719",357,100,4,0,39,208,2,0,2,1,1,0,28.01,1.12,0.0,10.92,58.26,0.56,0.0,0.56,0.28,0.28,0.0
160,"41.29256513401935,19.72489187808366",422,111,4,0,27,239,23,1,0,0,7,10,26.3,0.95,0.0,6.4,56.64,5.45,0.24,0.0,0.0,1.66,2.37
161,"41.26445129488617,19.65599213167072",262,95,2,1,13,127,5,0,2,0,9,8,36.26,0.76,0.38,4.96,48.47,1.91,0.0,0.76,0.0,3.44,3.05
162,"41.263989770312605,19.63797813512002",335,97,4,0,16,200,8,0,2,0,6,2,28.96,1.19,0.0,4.78,59.7,2.39,0.0,0.6,0.0,1.79,0.6
163,"41.26978326062578,19.62071303963236",201,48,3,0,15,125,1,0,0,0,7,2,23.88,1.49,0.0,7.46,62.19,0.5,0.0,0.0,0.0,3.48,1.0
164,"41.267136743117646,19.638648015497196",120,43,0,0,6,69,1,0,0,0,1,0,35.83,0.0,0.0,5.0,57.5,0.83,0.0,0.0,0.0,0.83,0.0
165,"41.27964466597191,19.636366323481713",327,135,1,1,21,148,5,0,0,1,2,13,41.28,0.31,0.31,6.42,45.26,1.53,0.0,0.0,0.31,0.61,3.98
166,"41.219944339322936,19.698293302461604",536,85,11,0,5,412,12,0,1,0,9,1,15.86,2.05,0.0,0.93,76.87,2.24,0.0,0.19,0.0,1.68,0.19
167,"41.26144452546111,19.695256849441954",391,126,2,0,16,213,12,0,0,0,12,10,32.23,0.51,0.0,4.09,54.48,3.07,0.0,0.0,0.0,3.07,2.56
168,"41.24271523385128,19.66763019252979",183,55,5,0,4,100,10,0,0,2,5,2,30.05,2.73,0.0,2.19,54.64,5.46,0.0,0.0,1.09,2.73,1.09
169,"41.24074677382293,19.698947659704405",212,29,4,0,9,157,5,0,1,4,1,2,13.68,1.89,0.0,4.25,74.06,2.36,0.0,0.47,1.89,0.47,0.94
170,"41.19073277616982,19.72490064919916",279,66,7,0,4,194,5,0,0,0,2,1,23.66,2.51,0.0,1.43,69.53,1.79,0.0,0.0,0.0,0.72,0.36
171,"41.26400098526307,19.8136710827463",367,120,1,0,9,208,7,0,1,0,6,15,32.7,0.27,0.0,2.45,56.68,1.91,0.0,0.27,0.0,1.63,4.09
172,"41.30236955962911,19.769049844930503",283,98,2,0,14,129,13,0,0,1,8,18,34.63,0.71,0.0,4.95,45.58,4.59,0.0,0.0,0.35,2.83,6.36
173,"41.301186812305765,19.744048657876785",616,166,13,0,10,340,28,1,0,2,22,34,26.95,2.11,0.0,1.62,55.19,4.55,0.16,0.0,0.32,3.57,5.52
174,"41.30668120245219,19.736144528606097",753,218,8,1,9,435,29,3,1,1,11,37,28.95,1.06,0.13,1.2,57.77,3.85,0.4,0.13,0.13,1.46,4.91
175,"41.31759283280048,19.736133815788783",306,100,3,0,12,150,5,3,0,0,22,11,32.68,0.98,0.0,3.92,49.02,1.63,0.98,0.0,0.0,7.19,3.59
176,"41.32581959392455,19.730136457616457",261,69,3,0,14,147,4,0,0,0,5,19,26.44,1.15,0.0,5.36,56.32,1.53,0.0,0.0,0.0,1.92,7.28
177,"41.31892230272963,19.70779897220773",177,55,10,0,9,94,0,0,0,0,3,6,31.07,5.65,0.0,5.08,53.11,0.0,0.0,0.0,0.0,1.69,3.39
178,"41.27207412840847,19.767703743268797",484,131,6,0,46,282,6,0,0,0,5,8,27.07,1.24,0.0,9.5,58.26,1.24,0.0,0.0,0.0,1.03,1.65
179,"41.275516413841544,19.782289267923385",205,69,0,0,17,102,12,1,0,0,2,2,33.66,0.0,0.0,8.29,49.76,5.85,0.49,0.0,0.0,0.98,0.98
180,"41.257468353812634,19.87973929521294",311,66,7,0,2,195,13,1,0,1,11,15,21.22,2.25,0.0,0.64,62.7,4.18,0.32,0.0,0.32,3.54,4.82
181,"41.217091410582135,19.91035505010555",207,33,2,1,0,151,4,0,0,2,2,12,15.94,0.97,0.48,0.0,72.95,1.93,0.0,0.0,0.97,0.97,5.8
182,"41.246255947113006,19.900660483954518",616,200,3,1,7,362,12,1,0,1,10,19,32.47,0.49,0.16,1.14,58.77,1.95,0.16,0.0,0.16,1.62,3.08
183,"41.23915365518845,19.939220751167806",505,81,6,1,6,358,14,3,0,2,16,18,16.04,1.19,0.2,1.19,70.89,2.77,0.59,0.0,0.4,3.17,3.56
184,"41.367671896887614,19.870946663437845",675,233,6,1,20,342,20,0,0,2,20,31,34.52,0.89,0.15,2.96,50.67,2.96,0.0,0.0,0.3,2.96,4.59
185,"41.3578341098783,19.85130638578592",704,305,7,0,29,297,9,0,0,2,14,41,43.32,0.99,0.0,4.12,42.19,1.28,0.0,0.0,0.28,1.99,5.82
186,"41.1453794978015,19.790469969516515",174,52,0,0,2,120,0,0,0,0,0,0,29.89,0.0,0.0,1.15,68.97,0.0,0.0,0.0,0.0,0.0,0.0
187,"41.275957182433864,19.663524711526495",200,39,3,0,14,139,3,0,0,0,0,2,19.5,1.5,0.0,7.0,69.5,1.5,0.0,0.0,0.0,0.0,1.0
188,"41.26464199368109,19.65314031500823",396,74,3,0,105,206,1,0,1,0,4,2,18.69,0.76,0.0,26.52,52.02,0.25,0.0,0.25,0.0,1.01,0.51
189,"41.394762904735515,19.867744410321134",219,84,0,0,7,100,3,2,1,0,10,12,38.36,0.0,0.0,3.2,45.66,1.37,0.91,0.46,0.0,4.57,5.48
190,"41.330419969500596,19.97173760444314",155,28,2,0,0,97,8,0,0,0,4,16,18.06,1.29,0.0,0.0,62.58,5.16,0.0,0.0,0.0,2.58,10.32
191,"41.32037996025741,19.92487495070467",584,120,3,0,22,367,8,0,3,0,11,50,20.55,0.51,0.0,3.77,62.84,1.37,0.0,0.51,0.0,1.88,8.56
192,"41.33103236416886,19.905391931940695",576,99,4,1,8,309,10,2,1,1,7,134,17.19,0.69,0.17,1.39,53.65,1.74,0.35,0.17,0.17,1.22,23.26
193,"41.33903179459224,19.894276937880658",421,145,5,0,5,186,10,2,0,3,9,56,34.44,1.19,0.0,1.19,44.18,2.38,0.48,0.0,0.71,2.14,13.3
194,"41.355325601782845,19.882056679625116",400,114,6,1,6,205,13,0,0,2,17,36,28.5,1.5,0.25,1.5,51.25,3.25,0.0,0.0,0.5,4.25,9.0
195,"41.289198101999844,19.8708564570694",1408,446,20,1,23,794,40,4,2,3,33,42,31.68,1.42,0.07,1.63,56.39,2.84,0.28,0.14,0.21,2.34,2.98
196,"41.32573925832895,19.869426927846195",862,296,15,1,14,442,23,3,0,0,23,45,34.34,1.74,0.12,1.62,51.28,2.67,0.35,0.0,0.0,2.67,5.22
197,"41.29220520044432,19.965376824266645",174,32,0,0,0,106,4,0,0,0,1,31,18.39,0.0,0.0,0.0,60.92,2.3,0.0,0.0,0.0,0.57,17.82
198,"41.21777430181536,19.969872328770766",268,50,0,2,4,168,12,0,0,0,9,23,18.66,0.0,0.75,1.49,62.69,4.48,0.0,0.0,0.0,3.36,8.58
199,"41.21782272385752,19.969765040409797",390,88,10,1,4,253,9,0,0,1,15,9,22.56,2.56,0.26,1.03,64.87,2.31,0.0,0.0,0.26,3.85,2.31
200,"41.21590178376927,19.945957596046036",380,50,4,1,4,277,19,0,1,0,10,14,13.16,1.05,0.26,1.05,72.89,5.0,0.0,0.26,0.0,2.63,3.68
201,"41.255871360126335,19.858034760556837",496,157,9,0,17,278,10,2,0,1,7,15,31.65,1.81,0.0,3.43,56.05,2.02,0.4,0.0,0.2,1.41,3.02
202,"41.26875112288511,19.91288068352896",261,66,0,0,2,178,8,1,0,0,2,4,25.29,0.0,0.0,0.77,68.2,3.07,0.38,0.0,0.0,0.77,1.53
203,"41.25578492436664,19.929189785904114",232,47,0,0,4,177,3,0,0,0,0,1,20.26,0.0,0.0,1.72,76.29,1.29,0.0,0.0,0.0,0.0,0.43
204,"41.34333917942595,19.83664637378509",1163,412,41,6,17,556,31,1,1,6,54,38,35.43,3.53,0.52,1.46,47.81,2.67,0.09,0.09,0.52,4.64,3.27
205,"41.290673521079654,19.920895031677354",267,65,3,0,3,182,2,0,0,0,3,9,24.34,1.12,0.0,1.12,68.16,0.75,0.0,0.0,0.0,1.12,3.37
206,"41.26686406454133,19.871424325856747",724,201,4,0,48,418,10,0,0,0,28,15,27.76,0.55,0.0,6.63,57.73,1.38,0.0,0.0,0.0,3.87,2.07
207,"41.27145641861849,19.831555949966923",326,70,5,0,13,197,11,1,1,4,5,19,21.47,1.53,0.0,3.99,60.43,3.37,0.31,0.31,1.23,1.53,5.83
208,"41.27832101141616,19.80859116526415",174,75,4,0,1,85,0,1,0,0,2,6,43.1,2.3,0.0,0.57,48.85,0.0,0.57,0.0,0.0,1.15,3.45
209,"41.28613560696544,19.904612635335",357,84,4,0,1,243,5,0,0,0,9,11,23.53,1.12,0.0,0.28,68.07,1.4,0.0,0.0,0.0,2.52,3.08
210,"41.329570546253656,20.09302473536676",225,72,1,0,0,82,1,0,0,0,0,69,32.0,0.44,0.0,0.0,36.44,0.44,0.0,0.0,0.0,0.0,30.67
211,"41.33807139948647,20.09731421209518",199,51,0,0,0,57,2,0,0,0,0,89,25.63,0.0,0.0,0.0,28.64,1.01,0.0,0.0,0.0,0.0,44.72
212,"41.31797533486244,20.106042646531378",245,79,0,0,2,82,0,0,0,0,1,81,32.24,0.0,0.0,0.82,33.47,0.0,0.0,0.0,0.0,0.41,33.06
213,"41.32459476700154,20.07034244814631",197,74,0,0,5,92,1,2,0,0,1,22,37.56,0.0,0.0,2.54,46.7,0.51,1.02,0.0,0.0,0.51,11.17
214,"41.47892297466485,19.95541994288778",253,56,4,0,39,147,3,0,0,0,1,3,22.13,1.58,0.0,15.42,58.1,1.19,0.0,0.0,0.0,0.4,1.19
215,"41.45573615529626,19.958840370923124",424,81,4,0,72,206,10,0,0,0,4,47,19.1,0.94,0.0,16.98,48.58,2.36,0.0,0.0,0.0,0.94,11.08
216,"41.43264999300847,19.981657919575667",285,70,3,0,42,126,0,0,1,0,2,41,24.56,1.05,0.0,14.74,44.21,0.0,0.0,0.35,0.0,0.7,14.39
217,"41.42511866570971,19.997016209280915",332,44,3,0,15,201,4,1,0,0,5,59,13.25,0.9,0.0,4.52,60.54,1.2,0.3,0.0,0.0,1.51,17.77
218,"41.40000857724452,19.92440056232161",404,127,10,0,51,182,5,0,0,0,5,24,31.44,2.48,0.0,12.62,45.05,1.24,0.0,0.0,0.0,1.24,5.94
219,"41.420291752888794,19.8225224052228",184,22,1,0,5,142,2,0,0,0,10,2,11.96,0.54,0.0,2.72,77.17,1.09,0.0,0.0,0.0,5.43,1.09
220,"41.40427568074552,19.768905909995713",744,346,11,1,7,318,22,1,2,0,28,8,46.51,1.48,0.13,0.94,42.74,2.96,0.13,0.27,0.0,3.76,1.08
221,"41.41534362605298,19.75560667619232",772,237,12,0,16,469,11,0,2,0,10,15,30.7,1.55,0.0,2.07,60.75,1.42,0.0,0.26,0.0,1.3,1.94
222,"41.43171276927981,19.81217943611155",369,83,1,0,6,261,11,0,1,0,4,2,22.49,0.27,0.0,1.63,70.73,2.98,0.0,0.27,0.0,1.08,0.54
223,"41.38936636527038,19.826910457074053",414,82,5,0,5,289,15,0,0,1,11,6,19.81,1.21,0.0,1.21,69.81,3.62,0.0,0.0,0.24,2.66,1.45
224,"41.39458913819912,19.822530697049086",229,71,4,0,14,129,3,1,0,0,4,3,31.0,1.75,0.0,6.11,56.33,1.31,0.44,0.0,0.0,1.75,1.31
225,"41.33171544268389,19.841808086603645",46,14,2,0,0,28,1,0,0,0,0,1,30.43,4.35,0.0,0.0,60.87,2.17,0.0,0.0,0.0,0.0,2.17
226,"41.33268792092214,19.84527871236543",1109,313,35,3,20,564,34,4,0,4,39,93,28.22,3.16,0.27,1.8,50.86,3.07,0.36,0.0,0.36,3.52,8.39
227,"41.32851600802814,19.83250149464784",738,182,24,0,25,364,34,3,2,7,56,41,24.66,3.25,0.0,3.39,49.32,4.61,0.41,0.27,0.95,7.59,5.56
228,"41.325831112344424,19.827200823483736",475,125,26,2,10,246,17,6,0,8,29,6,26.32,5.47,0.42,2.11,51.79,3.58,1.26,0.0,1.68,6.11,1.26
229,"41.32854253005911,19.83341389547129",496,169,21,3,11,234,17,2,0,4,25,10,34.07,4.23,0.6,2.22,47.18,3.43,0.4,0.0,0.81,5.04,2.02
230,"41.339194101950866,19.875360663482564",759,175,26,0,9,406,15,0,0,2,33,93,23.06,3.43,0.0,1.19,53.49,1.98,0.0,0.0,0.26,4.35,12.25
231,"41.33418998695637,19.86167298300903",1366,360,28,1,17,691,39,1,0,3,69,157,26.35,2.05,0.07,1.24,50.59,2.86,0.07,0.0,0.22,5.05,11.49
232,"41.325984195095145,19.82752268856665",1402,477,58,4,21,667,55,4,2,13,73,28,34.02,4.14,0.29,1.5,47.57,3.92,0.29,0.14,0.93,5.21,2.0
233,"41.332792629326626,19.821993335384608",1043,378,37,0,16,479,31,1,0,18,65,18,36.24,3.55,0.0,1.53,45.93,2.97,0.1,0.0,1.73,6.23,1.73
234,"41.31544133712685,19.846300247284354",1017,413,27,1,8,461,25,4,1,3,59,15,40.61,2.65,0.1,0.79,45.33,2.46,0.39,0.1,0.29,5.8,1.47
235,"41.322433562400334,19.825034985384125",330,107,13,0,5,170,11,2,0,1,15,6,32.42,3.94,0.0,1.52,51.52,3.33,0.61,0.0,0.3,4.55,1.82
236,"41.301864630921486,19.830778116071965",2709,804,50,4,75,1415,75,1,2,8,111,164,29.68,1.85,0.15,2.77,52.23,2.77,0.04,0.07,0.3,4.1,6.05
237,"41.33489816867708,19.83483764076112",1907,607,58,2,16,929,55,2,3,6,119,110,31.83,3.04,0.1,0.84,48.72,2.88,0.1,0.16,0.31,6.24,5.77
238,"41.33359450140632,19.836036143056802",2372,613,87,10,38,1230,93,11,2,14,115,159,25.84,3.67,0.42,1.6,51.85,3.92,0.46,0.08,0.59,4.85,6.7
239,"41.33943700320649,19.844850677451255",2972,843,98,9,38,1547,85,12,4,12,170,154,28.36,3.3,0.3,1.28,52.05,2.86,0.4,0.13,0.4,5.72,5.18
240,"41.337326371813745,19.833511657878464",1000,274,30,5,10,541,32,3,2,4,75,24,27.4,3.0,0.5,1.0,54.1,3.2,0.3,0.2,0.4,7.5,2.4
241,"41.33771672648955,19.83560895469601",1775,543,65,4,23,856,37,7,0,17,92,131,30.59,3.66,0.23,1.3,48.23,2.08,0.39,0.0,0.96,5.18,7.38
242,"41.34475915526449,19.840190250468012",1633,510,42,8,26,834,50,4,0,8,86,65,31.23,2.57,0.49,1.59,51.07,3.06,0.24,0.0,0.49,5.27,3.98
243,"41.335276232224764,19.81395046210671",790,240,26,1,9,427,29,0,0,6,30,22,30.38,3.29,0.13,1.14,54.05,3.67,0.0,0.0,0.76,3.8,2.78
244,"41.34695058718232,19.847253729042794",1023,321,37,2,20,506,31,1,0,3,57,45,31.38,3.62,0.2,1.96,49.46,3.03,0.1,0.0,0.29,5.57,4.4
245,"41.35336537527773,19.851313556026515",1755,650,29,3,40,805,55,3,0,1,62,107,37.04,1.65,0.17,2.28,45.87,3.13,0.17,0.0,0.06,3.53,6.1
246,"41.34796209422855,19.85776855045429",1096,396,28,2,15,499,40,2,1,0,69,44,36.13,2.55,0.18,1.37,45.53,3.65,0.18,0.09,0.0,6.3,4.01
247,"41.34704751334424,19.834178684862337",226,67,5,0,12,117,3,3,1,2,8,8,29.65,2.21,0.0,5.31,51.77,1.33,1.33,0.44,0.88,3.54,3.54
248,"41.345682771452466,19.836633013698325",550,143,15,1,22,300,13,1,1,1,29,24,26.0,2.73,0.18,4.0,54.55,2.36,0.18,0.18,0.18,5.27,4.36
249,"41.31982264453079,19.816234556024966",1207,390,54,0,7,603,35,6,1,10,75,26,32.31,4.47,0.0,0.58,49.96,2.9,0.5,0.08,0.83,6.21,2.15
250,"41.3214839344281,19.81495733141715",522,164,18,2,7,270,15,1,1,4,33,7,31.42,3.45,0.38,1.34,51.72,2.87,0.19,0.19,0.77,6.32,1.34
251,"41.26519321374877,19.892377444740674",269,66,8,0,5,181,3,0,0,0,1,5,24.54,2.97,0.0,1.86,67.29,1.12,0.0,0.0,0.0,0.37,1.86
252,"41.331092098421955,19.839984476927885",309,94,9,2,1,139,5,0,0,5,22,32,30.42,2.91,0.65,0.32,44.98,1.62,0.0,0.0,1.62,7.12,10.36
253,"41.31757678376236,19.84340073324782",369,179,10,0,2,125,14,1,1,0,24,13,48.51,2.71,0.0,0.54,33.88,3.79,0.27,0.27,0.0,6.5,3.52
254,"41.31716273287023,19.816405153649228",385,101,15,1,3,218,6,0,1,2,30,8,26.23,3.9,0.26,0.78,56.62,1.56,0.0,0.26,0.52,7.79,2.08
255,"41.317831925202874,19.821074300205378",1633,520,79,3,29,747,72,8,2,23,119,31,31.84,4.84,0.18,1.78,45.74,4.41,0.49,0.12,1.41,7.29,1.9
256,"41.31646312069282,19.81149903789131",1217,309,56,2,17,677,42,4,0,10,79,21,25.39,4.6,0.16,1.4,55.63,3.45,0.33,0.0,0.82,6.49,1.73
257,"41.31998667947167,19.810762396499975",530,188,12,2,3,263,19,1,0,2,31,9,35.47,2.26,0.38,0.57,49.62,3.58,0.19,0.0,0.38,5.85,1.7
258,"41.38936636527038,19.826846084057472",257,70,3,1,3,166,9,0,0,0,0,5,27.24,1.17,0.39,1.17,64.59,3.5,0.0,0.0,0.0,0.0,1.95
259,"41.32155733429202,19.808517281155776",869,227,41,0,8,454,37,3,0,4,78,17,26.12,4.72,0.0,0.92,52.24,4.26,0.35,0.0,0.46,8.98,1.96
260,"41.320132325527084,19.802774834599614",2893,768,116,6,33,1495,119,11,10,10,248,77,26.55,4.01,0.21,1.14,51.68,4.11,0.38,0.35,0.35,8.57,2.66
261,"41.319827729047766,19.801871200205486",635,218,22,2,13,298,21,0,1,3,37,20,34.33,3.46,0.31,2.05,46.93,3.31,0.0,0.16,0.47,5.83,3.15
262,"41.32129170750702,19.791636457877722",903,248,34,1,13,468,31,7,3,7,59,32,27.46,3.77,0.11,1.44,51.83,3.43,0.78,0.33,0.78,6.53,3.54
263,"41.31616114741907,19.79575174697102",290,93,7,0,2,158,8,1,0,0,19,2,32.07,2.41,0.0,0.69,54.48,2.76,0.34,0.0,0.0,6.55,0.69
264,"41.31602490702198,19.795636307855446",592,156,17,1,6,361,11,0,0,1,27,12,26.35,2.87,0.17,1.01,60.98,1.86,0.0,0.0,0.17,4.56,2.03
265,"41.31327151820348,19.792310057877305",1225,276,36,1,31,736,39,3,3,2,82,16,22.53,2.94,0.08,2.53,60.08,3.18,0.24,0.24,0.16,6.69,1.31
266,"41.31287049551775,19.770387525335895",724,216,15,1,9,422,31,2,0,1,25,2,29.83,2.07,0.14,1.24,58.29,4.28,0.28,0.0,0.14,3.45,0.28
267,"41.348889721110226,19.796518081156965",658,206,27,1,8,336,35,1,0,0,29,15,31.31,4.1,0.15,1.22,51.06,5.32,0.15,0.0,0.0,4.41,2.28
268,"41.312169894704304,19.768958230611812",1820,461,43,6,26,1079,59,2,2,4,98,40,25.33,2.36,0.33,1.43,59.29,3.24,0.11,0.11,0.22,5.38,2.2
269,"41.31575619809475,19.76741171534439",2520,765,70,5,27,1388,87,4,2,9,118,45,30.36,2.78,0.2,1.07,55.08,3.45,0.16,0.08,0.36,4.68,1.79
270,"41.31297952600539,19.76555496818664",677,280,22,1,12,286,31,1,0,3,36,5,41.36,3.25,0.15,1.77,42.25,4.58,0.15,0.0,0.44,5.32,0.74
271,"41.321126365471486,19.774933557877766",2433,673,76,7,42,1352,96,8,2,5,130,42,27.66,3.12,0.29,1.73,55.57,3.95,0.33,0.08,0.21,5.34,1.73
272,"41.330288987480415,19.78560314253367",562,156,16,1,3,302,33,3,0,2,30,16,27.76,2.85,0.18,0.53,53.74,5.87,0.53,0.0,0.36,5.34,2.85
273,"41.3314243236177,19.78660725838278",1517,755,39,1,37,530,42,6,1,4,74,28,49.77,2.57,0.07,2.44,34.94,2.77,0.4,0.07,0.26,4.88,1.85
274,"41.339309722745895,19.78248615787852",440,167,18,0,19,196,9,1,0,1,22,7,37.95,4.09,0.0,4.32,44.55,2.05,0.23,0.0,0.23,5.0,1.59
275,"41.32872239760329,19.803317072699556",263,115,11,0,8,85,10,0,0,1,21,12,43.73,4.18,0.0,3.04,32.32,3.8,0.0,0.0,0.38,7.98,4.56
276,"41.32589449545009,19.79874003830521",283,66,13,3,2,167,14,1,0,0,9,8,23.32,4.59,1.06,0.71,59.01,4.95,0.35,0.0,0.0,3.18,2.83
277,"41.325005813178514,19.804260649944236",1775,536,80,2,23,887,60,3,0,3,134,47,30.2,4.51,0.11,1.3,49.97,3.38,0.17,0.0,0.17,7.55,2.65
278,"41.33463680151088,19.820093368471433",171,52,7,0,0,88,0,0,0,1,17,6,30.41,4.09,0.0,0.0,51.46,0.0,0.0,0.0,0.58,9.94,3.51
279,"41.32731862142167,19.80700021079895",254,81,6,0,3,132,6,0,0,1,18,7,31.89,2.36,0.0,1.18,51.97,2.36,0.0,0.0,0.39,7.09,2.76
280,"41.33051570481311,19.8225641732225",616,228,26,1,11,277,24,3,0,5,33,8,37.01,4.22,0.16,1.79,44.97,3.9,0.49,0.0,0.81,5.36,1.3
281,"41.33230178952541,19.825163498353383",241,79,10,0,12,117,7,0,0,3,8,5,32.78,4.15,0.0,4.98,48.55,2.9,0.0,0.0,1.24,3.32,2.07
282,"41.33453073095709,19.82441885998821",2394,836,84,13,71,1015,107,6,3,33,175,51,34.92,3.51,0.54,2.97,42.4,4.47,0.25,0.13,1.38,7.31,2.13
283,"41.33325688087345,19.82889475046751",1519,507,48,4,59,706,55,4,4,14,84,34,33.38,3.16,0.26,3.88,46.48,3.62,0.26,0.26,0.92,5.53,2.24
284,"41.33645625226498,19.830964408139895",1028,379,29,4,26,452,40,3,0,14,60,21,36.87,2.82,0.39,2.53,43.97,3.89,0.29,0.0,1.36,5.84,2.04
285,"41.337853708320786,19.830405414121884",381,148,8,0,22,155,7,3,0,4,20,14,38.85,2.1,0.0,5.77,40.68,1.84,0.79,0.0,1.05,5.25,3.67
286,"41.33749066587599,19.82584776051556",926,319,36,4,27,428,10,6,5,1,61,29,34.45,3.89,0.43,2.92,46.22,1.08,0.65,0.54,0.11,6.59,3.13
287,"41.33478293659883,19.822567665811917",476,147,19,2,11,224,20,1,0,1,37,14,30.88,3.99,0.42,2.31,47.06,4.2,0.21,0.0,0.21,7.77,2.94
288,"41.339230122933095,19.82552106766495",1159,359,46,2,10,612,33,4,2,3,56,32,30.97,3.97,0.17,0.86,52.8,2.85,0.35,0.17,0.26,4.83,2.76
289,"41.34627096985157,19.822580236976428",1840,811,44,2,104,686,58,4,5,5,57,64,44.08,2.39,0.11,5.65,37.28,3.15,0.22,0.27,0.27,3.1,3.48
290,"41.331246578287555,19.816756129042076",616,166,15,1,10,312,23,5,0,11,47,26,26.95,2.44,0.16,1.62,50.65,3.73,0.81,0.0,1.79,7.63,4.22
291,"41.33143202861459,19.813204996500623",1726,595,57,6,37,796,55,5,1,17,98,59,34.47,3.3,0.35,2.14,46.12,3.19,0.29,0.06,0.98,5.68,3.42
292,"41.340199875892665,19.789927306287343",1096,334,39,5,14,539,44,3,2,6,79,31,30.47,3.56,0.46,1.28,49.18,4.01,0.27,0.18,0.55,7.21,2.83
293,"41.33474061306338,19.81784330338852",602,239,19,0,11,259,14,3,0,10,35,12,39.7,3.16,0.0,1.83,43.02,2.33,0.5,0.0,1.66,5.81,1.99
294,"41.333728412894224,19.811568284338748",320,110,12,3,5,137,17,4,0,3,24,5,34.38,3.75,0.94,1.56,42.81,5.31,1.25,0.0,0.94,7.5,1.56
295,"41.31198634972208,19.769352956547543",258,66,4,0,3,151,12,2,0,1,17,2,25.58,1.55,0.0,1.16,58.53,4.65,0.78,0.0,0.39,6.59,0.78
296,"41.31572393642801,19.76736879702287",362,127,10,5,6,177,16,0,0,0,15,6,35.08,2.76,1.38,1.66,48.9,4.42,0.0,0.0,0.0,4.14,1.66
297,"41.339333888729854,19.782217936976096",313,128,3,0,6,149,5,1,0,0,19,2,40.89,0.96,0.0,1.92,47.6,1.6,0.32,0.0,0.0,6.07,0.64
298,"41.33471737239598,19.811038503911515",846,217,46,2,17,471,31,2,0,5,38,17,25.65,5.44,0.24,2.01,55.67,3.66,0.24,0.0,0.59,4.49,2.01
299,"41.33369618880723,19.81111767322267",555,161,29,2,9,276,24,0,0,3,40,11,29.01,5.23,0.36,1.62,49.73,4.32,0.0,0.0,0.54,7.21,1.98
300,"41.335230997231825,19.81001611369781",1389,481,58,3,10,653,57,3,0,1,93,30,34.63,4.18,0.22,0.72,47.01,4.1,0.22,0.0,0.07,6.7,2.16
301,"41.341858146973756,19.803972867665056",1725,563,43,6,48,797,70,3,2,27,121,45,32.64,2.49,0.35,2.78,46.2,4.06,0.17,0.12,1.57,7.01,2.61
302,"41.33466902513258,19.820007537782658",746,264,21,0,9,352,26,2,0,5,55,12,35.39,2.82,0.0,1.21,47.18,3.49,0.27,0.0,0.67,7.37,1.61
303,"41.33522789723683,19.81427232718962",3072,1114,95,5,61,1391,128,4,2,35,175,62,36.26,3.09,0.16,1.99,45.28,4.17,0.13,0.07,1.14,5.7,2.02
304,"41.32664773405095,19.81270071132184",339,95,17,0,0,185,9,2,0,7,20,4,28.02,5.01,0.0,0.0,54.57,2.65,0.59,0.0,2.06,5.9,1.18
305,"41.332709006756154,19.807568368994346",661,204,33,0,10,331,20,3,1,9,39,11,30.86,4.99,0.0,1.51,50.08,3.03,0.45,0.15,1.36,5.9,1.66
306,"41.337587936100626,19.793665915321338",2331,731,91,3,74,1163,94,3,7,10,109,46,31.36,3.9,0.13,3.17,49.89,4.03,0.13,0.3,0.43,4.68,1.97
307,"41.340240151977085,19.79013115417319",741,302,11,2,10,335,31,1,0,3,35,11,40.76,1.48,0.27,1.35,45.21,4.18,0.13,0.0,0.4,4.72,1.48
308,"41.34108306344984,19.794836754173208",125,55,3,1,1,54,1,0,0,1,4,5,44.0,2.4,0.8,0.8,43.2,0.8,0.0,0.0,0.8,3.2,4.0
309,"41.338543134483174,19.79302562718972",483,159,12,1,5,248,18,1,1,1,32,5,32.92,2.48,0.21,1.04,51.35,3.73,0.21,0.21,0.21,6.63,1.04
310,"41.33933043530086,19.794608827189787",660,200,21,0,19,328,30,4,1,3,43,11,30.3,3.18,0.0,2.88,49.7,4.55,0.61,0.15,0.45,6.52,1.67
311,"41.34244940544898,19.79492080391192",1313,646,22,2,32,467,27,2,0,3,49,63,49.2,1.68,0.15,2.44,35.57,2.06,0.15,0.0,0.23,3.73,4.8
312,"41.3515872400596,19.773916713698622",774,343,5,3,27,355,15,1,1,0,11,13,44.32,0.65,0.39,3.49,45.87,1.94,0.13,0.13,0.0,1.42,1.68
313,"41.34613492472946,19.783683311845696",1025,516,9,0,15,420,28,0,1,1,22,13,50.34,0.88,0.0,1.46,40.98,2.73,0.0,0.1,0.1,2.15,1.27
314,"41.35786400169539,19.77666659464909",2128,708,44,1,94,1067,48,4,3,8,97,54,33.27,2.07,0.05,4.42,50.14,2.26,0.19,0.14,0.38,4.56,2.54
315,"41.35615675397223,19.762369133107228",1328,475,49,1,28,688,38,2,0,1,28,18,35.77,3.69,0.08,2.11,51.81,2.86,0.15,0.0,0.08,2.11,1.36
316,"41.33717138338455,19.81992135232038",785,306,12,1,8,366,26,6,3,5,47,5,38.98,1.53,0.13,1.02,46.62,3.31,0.76,0.38,0.64,5.99,0.64
317,"41.35800975614661,19.7628180983545",300,64,6,2,8,197,5,0,0,1,10,7,21.33,2.0,0.67,2.67,65.67,1.67,0.0,0.0,0.33,3.33,2.33
